id,name,zone,line_name,opened,nightopened,closed,geometry
940GZZLUACT,Acton Town,3,District,,,,POINT (-0.279916688851386 51.50264359676248)
940GZZLUACT,Acton Town,3,Piccadilly,,2016.0,,POINT (-0.279916688851386 51.50264359676248)
940GZZLUACY,Archway,2/3,Northern,,2016.0,,POINT (-0.134745288767581 51.565370996797775)
940GZZLUADE,Aldgate East,1,District,,,,POINT (-0.071876588767481 51.51514719676551)
940GZZLUADE,Aldgate East,1,Hammersmith & City,,,,POINT (-0.071876588767481 51.51514719676551)
940GZZLUAGL,Angel,1,Northern,,,,POINT (-0.10612998877245 51.53182149677656)
940GZZLUAGL,Angel,1,Crossrail 2,2030.0,,,POINT (-0.10612998877245 51.53182149677656)
940GZZLUALD,Aldgate,1,Circle,,,,POINT (-0.075715588769394 51.51409639676498)
940GZZLUALD,Aldgate,1,Metropolitan,,,,POINT (-0.075715588769394 51.51409639676498)
940GZZLUALP,Alperton,4,Piccadilly,,,,POINT (-0.2994547888414 51.54055479678616)
940GZZLUAMS,Amersham,9,Metropolitan,,,,POINT (-0.608468688901916 51.674206696875174)
940GZZLUASG,Arnos Grove,4,Piccadilly,,2016.0,,POINT (-0.133268788743383 51.61647559682913)
940GZZLUASL,Arsenal,2,Piccadilly,,2016.0,,POINT (-0.108099325493406 51.55782418669154)
940GZZLUBBB,Bromley-by-Bow,2/3,District,,,,POINT (-0.011585088740745 51.52473659676975)
940GZZLUBBB,Bromley-by-Bow,2/3,Hammersmith & City,,,,POINT (-0.011585088740745 51.52473659676975)
940GZZLUBBN,Barbican,1,Hammersmith & City,,,,POINT (-0.097792388774743 51.520214996769255)
940GZZLUBBN,Barbican,1,Circle,,,,POINT (-0.097792388774743 51.520214996769255)
940GZZLUBBN,Barbican,1,Metropolitan,,,,POINT (-0.097792388774743 51.520214996769255)
940GZZLUBDS,Bounds Green,3/4,Piccadilly,,2016.0,,POINT (-0.124134488744299 51.60706579682311)
940GZZLUBEC,Becontree,5,District,,,,POINT (0.127268911317215 51.540323496774896)
940GZZLUBKE,Barkingside,4,Central,,2016.0,,POINT (0.088580011324457 51.58564969680374)
940GZZLUBKF,Blackfriars,1,District,,,,POINT (-0.103139988780659 51.51177409676423)
940GZZLUBKF,Blackfriars,1,Circle,,,,POINT (-0.103139988780659 51.51177409676423)
940GZZLUBKF,Blackfriars,1,National Rail,,,,POINT (-0.103139988780659 51.51177409676423)
940GZZLUBKG,Barking,4,District,,,,POINT (0.0812 51.5395)
940GZZLUBKG,Barking,4,Hammersmith & City,,,,POINT (0.0812 51.5395)
940GZZLUBKH,Buckhurst Hill,5,Central,,2016.0,,POINT (0.046796811328004 51.62594579682972)
940GZZLUBLG,Bethnal Green,2,Central,,2016.0,,POINT (-0.055488488755668 51.52747319677261)
940GZZLUBLM,Balham,3,Northern,,2016.0,,POINT (-0.152987888831141 51.44316439672359)
940GZZLUBLR,Blackhorse Road,3,Victoria,,2016.0,,POINT (-0.0407 51.587)
940GZZLUBMY,Bermondsey,2,Jubilee,,2016.0,,POINT (-0.063738188772592 51.49772969675471)
940GZZLUBND,Bond Street,1,Central,,2016.0,,POINT (-0.148986088796581 51.514325396766864)
940GZZLUBND,Bond Street,1,Jubilee,,2016.0,,POINT (-0.148986088796581 51.514325396766864)
940GZZLUBNK,Bank,1,Central,,2016.0,,POINT (-0.088989625035467 51.51344958357864)
940GZZLUBNK,Bank,1,Northern,,,,POINT (-0.088989625035467 51.51344958357864)
940GZZLUBNK,Bank,1,Waterloo & City,,,,POINT (-0.088989625035467 51.51344958357864)
940GZZLUBOR,Borough,1,Northern,,,,POINT (-0.093409988782017 51.50109359675747)
940GZZLUBOS,Boston Manor,4,Piccadilly,,2016.0,,POINT (-0.324733388871653 51.49574829675908)
940GZZLUBSC,Barons Court,2,District,,,,POINT (-0.213748788832051 51.490259896753564)
940GZZLUBSC,Barons Court,2,Piccadilly,,2016.0,,POINT (-0.213748788832051 51.490259896753564)
940GZZLUBST,Baker Street,1,Bakerloo,,,,POINT (-0.155511988795233 51.52250079677203)
940GZZLUBST,Baker Street,1,Hammersmith & City,,,,POINT (-0.155511988795233 51.52250079677203)
940GZZLUBST,Baker Street,1,Circle,,,,POINT (-0.155511988795233 51.52250079677203)
940GZZLUBST,Baker Street,1,Jubilee,,2016.0,,POINT (-0.155511988795233 51.52250079677203)
940GZZLUBST,Baker Street,1,Metropolitan,,,,POINT (-0.155511988795233 51.52250079677203)
940GZZLUBTK,Burnt Oak,4,Northern,,2016.0,,POINT (-0.263952188799229 51.60284489682383)
940GZZLUBTX,Brent Cross,3,Northern,,2016.0,,POINT (-0.213553288792063 51.5767001968066)
940GZZLUBWR,Bow Road,2,District,,,,POINT (-0.024841588744629 51.52687259677142)
940GZZLUBWR,Bow Road,2,Hammersmith & City,,,,POINT (-0.024841588744629 51.52687259677142)
940GZZLUBWT,Bayswater,1,District,,,,POINT (-0.18783688881208 51.5123329967665)
940GZZLUBWT,Bayswater,1,Circle,,,,POINT (-0.18783688881208 51.5123329967665)
940GZZLUBXN,Brixton,2,Victoria,,2016.0,,POINT (-0.11487200713231 51.46260625608806)
940GZZLUBZP,Belsize Park,2,Northern,,2016.0,,POINT (-0.16470418878582 51.55027509678925)
940GZZLUCAL,Chalfont & Latimer,8,Metropolitan,,,,POINT (-0.560820488885604 51.66804189687038)
940GZZLUCAR,Caledonian Road,2,Piccadilly,,2016.0,,POINT (-0.118367188769332 51.54837349678696)
940GZZLUCFM,Chalk Farm,2,Northern,,2016.0,,POINT (-0.153469988784411 51.54420179678525)
940GZZLUCGN,Covent Garden,1,Piccadilly,,2016.0,,POINT (-0.124196088787904 51.51305999676551)
940GZZLUCGT,Canning Town,2/3,Jubilee,,2016.0,,POINT (0.008170711261506 51.51403969676269)
940GZZLUCHL,Chancery Lane,1,Central,,2016.0,,POINT (-0.112121388781055 51.51811159676832)
940GZZLUCHX,Charing Cross,1,Bakerloo,,,,POINT (-0.127361788791746 51.50733539676211)
940GZZLUCHX,Charing Cross,1,Northern,,2016.0,,POINT (-0.127361788791746 51.50733539676211)
940GZZLUCKS,Cockfosters,5,Piccadilly,,2016.0,,POINT (-0.149350288733234 51.651605096851206)
940GZZLUCND,Colindale,4,Northern,,2016.0,,POINT (-0.24978328879726 51.59534909681889)
940GZZLUCPC,Clapham Common,2,Northern,,2016.0,,POINT (-0.137588488816646 51.46198609673468)
940GZZLUCPK,Canons Park,5,Jubilee,,2016.0,,POINT (-0.294744288808776 51.60775649682753)
940GZZLUCPN,Clapham North,2,Northern,,2016.0,,POINT (-0.129898388812328 51.46511779673645)
940GZZLUCPS,Clapham South,2/3,Northern,,2016.0,,POINT (-0.147584288824662 51.452762896729304)
940GZZLUCSD,Colliers Wood,3,Northern,,2016.0,,POINT (-0.178090488852156 51.418115096708874)
940GZZLUCSM,Chesham,9,Metropolitan,,,,POINT (-0.61092998888895 51.705389596894854)
940GZZLUCST,Cannon Street,1,District,,,,POINT (-0.090323188776073 51.511391296763705)
940GZZLUCST,Cannon Street,1,Circle,,,,POINT (-0.090323188776073 51.511391296763705)
940GZZLUCTN,Camden Town,2,Northern,,2016.0,,POINT (-0.142556588782758 51.538940396781776)
940GZZLUCWL,Chigwell,4,Central,,,,POINT (0.074748211334469 51.61782649682384)
940GZZLUCWP,Chiswick Park,3,District,,,,POINT (-0.268121488850621 51.494579396757295)
940GZZLUCWR,Canada Water,2,Jubilee,,2016.0,,POINT (-0.0493 51.498)
940GZZLUCXY,Croxley,7,Metropolitan,,,,POINT (-0.441666888847873 51.647149196855004)
940GZZLUCYD,Chorleywood,7,Metropolitan,,,,POINT (-0.518355788874949 51.65418089686091)
940GZZLUCYF,Canary Wharf,2,Jubilee,,2016.0,,POINT (-0.018611977529369 51.50354062701804)
940GZZLUDBN,Debden,6,Central,,,,POINT (0.083573311350541 51.64529289684032)
940GZZLUDGE,Dagenham East,5,District,,,,POINT (0.165641611332865 51.54415999677582)
940GZZLUDGY,Dagenham Heathway,5,District,,,,POINT (0.147699911325228 51.541672196774975)
940GZZLUDOH,Dollis Hill,3,Jubilee,,2016.0,,POINT (-0.239229088813149 51.55207969679201)
940GZZLUEAC,Elephant & Castle,1/2,Bakerloo,,,,POINT (-0.100544988787323 51.49538329675418)
940GZZLUEAC,Elephant & Castle,1/2,Northern,,,,POINT (-0.100544988787323 51.49538329675418)
940GZZLUEAC,Elephant & Castle,1/2,National Rail,,,,POINT (-0.100544988787323 51.49538329675418)
940GZZLUEAE,Eastcote,5,Metropolitan,,,,POINT (-0.397074988862522 51.57660779681029)
940GZZLUEAE,Eastcote,5,Piccadilly,,,,POINT (-0.397074988862522 51.57660779681029)
940GZZLUEAN,East Acton,2,Central,,2016.0,,POINT (-0.247572188832545 51.51686919677056)
940GZZLUEBY,Ealing Broadway,3,Central,,2016.0,,POINT (-0.30154338885404 51.5152)
940GZZLUEBY,Ealing Broadway,3,District,,,,POINT (-0.30154338885404 51.5152)
940GZZLUECM,Ealing Common,3,District,,,,POINT (-0.288181188851188 51.50990669676708)
940GZZLUECM,Ealing Common,3,Piccadilly,,,,POINT (-0.288181188851188 51.50990669676708)
940GZZLUECT,Earl's Court,1/2,District,,,,POINT (-0.194168088824117 51.49148169675391)
940GZZLUECT,Earl's Court,1/2,Piccadilly,,2016.0,,POINT (-0.194168088824117 51.49148169675391)
940GZZLUEFY,East Finchley,3,Northern,,2016.0,,POINT (-0.165218588768774 51.58756629681215)
940GZZLUEGW,Edgware,5,Northern,,2016.0,,POINT (-0.275503688798539 51.613989296830965)
940GZZLUEHM,East Ham,3/4,District,,,,POINT (0.052011411289357 51.5392428967767)
940GZZLUEHM,East Ham,3/4,Hammersmith & City,,,,POINT (0.052011411289357 51.5392428967767)
940GZZLUEMB,Embankment,1,Bakerloo,,,,POINT (-0.122576588790111 51.50701399676181)
940GZZLUEMB,Embankment,1,District,,,,POINT (-0.122576588790111 51.50701399676181)
940GZZLUEMB,Embankment,1,Circle,,,,POINT (-0.122576588790111 51.50701399676181)
940GZZLUEMB,Embankment,1,Northern,,2016.0,,POINT (-0.122576588790111 51.50701399676181)
940GZZLUEPG,Epping,6,Central,,,,POINT (0.114527911384721 51.69417689686912)
940GZZLUEPK,Elm Park,6,District,,,,POINT (0.197463611346884 51.54964269677793)
940GZZLUEPY,East Putney,2/3,District,,,,POINT (-0.211061788845485 51.459069396734456)
940GZZLUERB,Edgware Road,1,Bakerloo,,,,POINT (-0.170339088801731 51.52048279677113)
940GZZLUERC,Edgware Road,1,District,,,,POINT (-0.168087788801234 51.5197314967706)
940GZZLUERC,Edgware Road,1,Hammersmith & City,,,,POINT (-0.168087788801234 51.5197314967706)
940GZZLUERC,Edgware Road,1,Circle,,,,POINT (-0.168087788801234 51.5197314967706)
940GZZLUESQ,Euston Square,1,Hammersmith & City,,,,POINT (-0.135533888786276 51.52568399677351)
940GZZLUESQ,Euston Square,1,Circle,,,,POINT (-0.135533888786276 51.52568399677351)
940GZZLUESQ,Euston Square,1,Metropolitan,,,,POINT (-0.135533888786276 51.52568399677351)
940GZZLUEUS,Euston,1,Northern,,2016.0,,POINT (-0.134285634335371 51.52843237909594)
940GZZLUEUS,Euston,1,Victoria,,2016.0,,POINT (-0.134285634335371 51.52843237909594)
940GZZLUFBY,Fulham Broadway,2,District,,,,POINT (-0.19528088882977 51.48018419674701)
940GZZLUFCN,Farringdon,1,Hammersmith & City,,,,POINT (-0.104665688777305 51.52020699676942)
940GZZLUFCN,Farringdon,1,Circle,,,,POINT (-0.104665688777305 51.52020699676942)
940GZZLUFCN,Farringdon,1,Metropolitan,,,,POINT (-0.104665688777305 51.52020699676942)
940GZZLUFLP,Fairlop,4,Central,,2016.0,,POINT (0.091113211330209 51.59594924680992)
940GZZLUFPK,Finsbury Park,2,Piccadilly,,2016.0,,POINT (-0.1063375688362 51.56463857774401)
940GZZLUFPK,Finsbury Park,2,Victoria,,2016.0,,POINT (-0.1063375688362 51.56463857774401)
940GZZLUFPK,Finsbury Park,2,National Rail,,,,POINT (-0.1063375688362 51.56463857774401)
940GZZLUFYC,Finchley Central,4,Northern,,2016.0,,POINT (-0.191944088772822 51.60068319682085)
940GZZLUFYR,Finchley Road,2,Jubilee,,2016.0,,POINT (-0.18088378879325 51.54737739678782)
940GZZLUFYR,Finchley Road,2,Metropolitan,,,,POINT (-0.18088378879325 51.54737739678782)
940GZZLUGBY,Gunnersbury,3,District,,,,POINT (-0.275379788854744 51.49161429675562)
940GZZLUGBY,Gunnersbury,3,London Overground,2007.0,,,POINT (-0.275379788854744 51.49161429675562)
940GZZLUGDG,Goodge Street,1,Northern,,2016.0,,POINT (-0.134358188788237 51.520514996770316)
940GZZLUGFD,Greenford,4,Central,,,,POINT (-0.344816288858051 51.54218769678803)
940GZZLUGFD,Greenford,4,National Rail,,,,POINT (-0.344816288858051 51.54218769678803)
940GZZLUGGH,Grange Hill,4,Central,,,,POINT (0.092516111338766 51.61312099682036)
940GZZLUGGN,Golders Green,3,Northern,,2016.0,,POINT (-0.194086188786676 51.572397296803494)
940GZZLUGHK,Goldhawk Road,2,Circle,2009.0,,,POINT (-0.226673988831524 51.501946696760996)
940GZZLUGHK,Goldhawk Road,2,Hammersmith & City,,,,POINT (-0.226673988831524 51.501946696760996)
940GZZLUGPK,Green Park,1,Jubilee,,2016.0,,POINT (-0.143118596634923 51.506557424159396)
940GZZLUGPK,Green Park,1,Piccadilly,,2016.0,,POINT (-0.143118596634923 51.506557424159396)
940GZZLUGPK,Green Park,1,Victoria,,2016.0,,POINT (-0.143118596634923 51.506557424159396)
940GZZLUGPS,Great Portland Street,1,Hammersmith & City,,,,POINT (-0.143920888790271 51.52383669677256)
940GZZLUGPS,Great Portland Street,1,Circle,,,,POINT (-0.143920888790271 51.52383669677256)
940GZZLUGPS,Great Portland Street,1,Metropolitan,,,,POINT (-0.143920888790271 51.52383669677256)
940GZZLUGTH,Gants Hill,4,Central,,2016.0,,POINT (0.066350611312106 51.576608996798974)
940GZZLUGTR,Gloucester Road,1,District,,,,POINT (-0.183471788818729 51.49443837116438)
940GZZLUGTR,Gloucester Road,1,Circle,,,,POINT (-0.183471788818729 51.49443837116438)
940GZZLUGTR,Gloucester Road,1,Piccadilly,,2016.0,,POINT (-0.183471788818729 51.49443837116438)
940GZZLUHAI,Highbury & Islington,2,Victoria,,2016.0,,POINT (-0.10375 51.547)
940GZZLUHAW,Harrow & Wealdstone,5,Bakerloo,,,,POINT (-0.335398788831483 51.59232129681883)
940GZZLUHAW,Harrow & Wealdstone,5,London Overground,2007.0,,,POINT (-0.335398788831483 51.59232129681883)
940GZZLUHAW,Harrow & Wealdstone,5,National Rail,,,,POINT (-0.335398788831483 51.59232129681883)
940GZZLUHBN,Holborn,1,Central,,2016.0,,POINT (-0.1201771183767 51.51761503507551)
940GZZLUHBN,Holborn,1,Piccadilly,,2016.0,,POINT (-0.1201771183767 51.51761503507551)
940GZZLUHBT,High Barnet,5,Northern,,2016.0,,POINT (-0.194815888750782 51.65093239685195)
940GZZLUHCH,Hornchurch,6,District,,,,POINT (0.218541611356492 51.55400509677974)
940GZZLUHCL,Hendon Central,3/4,Northern,,2016.0,,POINT (-0.226098688793861 51.58313289681083)
940GZZLUHGD,Hillingdon,6,Metropolitan,,,,POINT (-0.450198388893623 51.5537254967971)
940GZZLUHGD,Hillingdon,6,Piccadilly,,,,POINT (-0.450198388893623 51.5537254967971)
940GZZLUHGR,Hanger Lane,3,Central,,,,POINT (-0.293286888843756 51.530297696779726)
940GZZLUHGT,Highgate,3,Northern,,2016.0,,POINT (-0.145781988766043 51.57764459680558)
940GZZLUHLT,Hainault,4,Central,,2016.0,,POINT (0.093471811334706 51.60370949681459)
940GZZLUHNX,Hatton Cross,5/6,Piccadilly,,2016.0,,POINT (-0.423116488922792 51.46672059674292)
940GZZLUHOH,Harrow-on-the-Hill,5,Metropolitan,,,,POINT (-0.336304688837816 51.57923769681077)
940GZZLUHPC,Hyde Park Corner,1,Piccadilly,,2016.0,,POINT (-0.15255738880319 51.502960776760006)
940GZZLUHPK,Holland Park,2,Central,,2016.0,,POINT (-0.205642088821125 51.5072765967638)
940GZZLUHR4,Heathrow Terminal 4,6,Piccadilly,,,,POINT (-0.445434588935117 51.45865899673831)
940GZZLUHR4,Heathrow Terminal 4,6,Elizabeth line,2018.0,,,POINT (-0.445434588935117 51.45865899673831)
940GZZLUHR5,Heathrow Terminal 5,6,Piccadilly,2008.0,2016.0,,POINT (-0.490104288946148 51.4725476967476)
940GZZLUHR5,Heathrow Terminal 5,6,Elizabeth line,2020.0,,,POINT (-0.490104288946148 51.4725476967476)
940GZZLUHRC,Heathrow Terminals 2 & 3,6,Piccadilly,,2016.0,,POINT (-0.455001288932504 51.47250479674698)
940GZZLUHRC,Heathrow Terminals 2 & 3,6,Elizabeth line,2018.0,,,POINT (-0.455001288932504 51.47250479674698)
940GZZLUHRC,Heathrow Terminals 2 & 3,6,National Rail,,,,POINT (-0.455001288932504 51.47250479674698)
940GZZLUHSC,Hammersmith,2,Circle,2009.0,,,POINT (-0.225082866974178 51.49409630285559)
940GZZLUHSC,Hammersmith,2,Hammersmith & City,,,,POINT (-0.225082866974178 51.49409630285559)
940GZZLUHSD,Hammersmith,2,District,,,,POINT (-0.223330888834803 51.492122496754895)
940GZZLUHSD,Hammersmith,2,Piccadilly,,2016.0,,POINT (-0.223330888834803 51.492122496754895)
940GZZLUHSK,High Street Kensington,1,District,,,,POINT (-0.19265998881917 51.500941096759654)
940GZZLUHSK,High Street Kensington,1,Circle,,,,POINT (-0.19265998881917 51.500941096759654)
940GZZLUHSN,Harlesden,3,Bakerloo,,,,POINT (-0.257953688827499 51.53636999678273)
940GZZLUHSN,Harlesden,3,London Overground,2007.0,,,POINT (-0.257953688827499 51.53636999678273)
940GZZLUHTD,Hampstead,2/3,Northern,,2016.0,,POINT (-0.178195688788069 51.55639419679331)
940GZZLUHWC,Hounslow Central,4,Piccadilly,,2016.0,,POINT (-0.366413088898848 51.47130609674479)
940GZZLUHWE,Hounslow East,4,Piccadilly,,2016.0,,POINT (-0.356313088894091 51.47322839674579)
940GZZLUHWT,Hounslow West,5,Piccadilly,,2016.0,,POINT (-0.386447088905531 51.473525396746496)
940GZZLUHWY,Holloway Road,2,Piccadilly,,2016.0,,POINT (-0.113008688765306 51.55273029678952)
940GZZLUICK,Ickenham,6,Metropolitan,,,,POINT (-0.442056088886695 51.56197239680205)
940GZZLUICK,Ickenham,6,Piccadilly,,,,POINT (-0.442056088886695 51.56197239680205)
940GZZLUKBN,Kilburn,2,Jubilee,,2016.0,,POINT (-0.205286188802622 51.54702469678818)
940GZZLUKBY,Kingsbury,4,Jubilee,,2016.0,,POINT (-0.278622488813158 51.58471649681295)
940GZZLUKEN,Kenton,4,Bakerloo,,,,POINT (-0.31661998882919 51.581530496811766)
940GZZLUKEN,Kenton,4,London Overground,2007.0,,,POINT (-0.31661998882919 51.581530496811766)
940GZZLUKNB,Knightsbridge,1,Piccadilly,,2016.0,,POINT (-0.160591588806826 51.50160569675937)
940GZZLUKNG,Kennington,2,Northern,,2016.0,,POINT (-0.105552802415015 51.48881798603356)
940GZZLUKOY,Kensington (Olympia),2,District,,,,POINT (-0.20959268869726 51.497533785323746)
940GZZLUKOY,Kensington (Olympia),2,London Overground,2007.0,,,POINT (-0.20959268869726 51.497533785323746)
940GZZLUKOY,Kensington (Olympia),2,National Rail,,,,POINT (-0.20959268869726 51.497533785323746)
940GZZLUKPK,Kilburn Park,2,Bakerloo,,,,POINT (-0.194133888803895 51.535154496780635)
940GZZLUKSH,Kentish Town,2,Northern,,2016.0,,POINT (-0.14074017695061 51.55031033576835)
940GZZLUKSL,Kensal Green,2,Bakerloo,,,,POINT (-0.224595888817518 51.53057299677848)
940GZZLUKSL,Kensal Green,2,London Overground,2007.0,,,POINT (-0.224595888817518 51.53057299677848)
940GZZLUKSX,King's Cross St. Pancras,1,Hammersmith & City,,,,POINT (-0.122943588779288 51.53060479677622)
940GZZLUKSX,King's Cross St. Pancras,1,Circle,,,,POINT (-0.122943588779288 51.53060479677622)
940GZZLUKSX,King's Cross St. Pancras,1,Metropolitan,,,,POINT (-0.122943588779288 51.53060479677622)
940GZZLUKSX,King's Cross St. Pancras,1,Northern,,,,POINT (-0.122943588779288 51.53060479677622)
940GZZLUKSX,King's Cross St. Pancras,1,Piccadilly,,2016.0,,POINT (-0.122943588779288 51.53060479677622)
940GZZLUKSX,King's Cross St. Pancras,1,Victoria,,2016.0,,POINT (-0.122943588779288 51.53060479677622)
940GZZLUKWG,Kew Gardens,3/4,District,,,,POINT (-0.285013088865105 51.47707729674689)
940GZZLUKWG,Kew Gardens,3/4,London Overground,2007.0,,,POINT (-0.285013088865105 51.47707729674689)
940GZZLULAD,Ladbroke Grove,2,Circle,2009.0,,,POINT (-0.210942188818503 51.517268096770046)
940GZZLULAD,Ladbroke Grove,2,Hammersmith & City,,,,POINT (-0.210942188818503 51.517268096770046)
940GZZLULBN,Lambeth North,1,Bakerloo,,,,POINT (-0.112287488790059 51.49888639675661)
940GZZLULGN,Loughton,6,Central,,2016.0,,POINT (0.055254911338309 51.64136059683887)
940GZZLULGT,Lancaster Gate,1,Central,,2016.0,,POINT (-0.175144888807525 51.51187129676595)
940GZZLULNB,London Bridge,1,Jubilee,,2016.0,,POINT (-0.089634981532614 51.50502022478704)
940GZZLULNB,London Bridge,1,Northern,,,,POINT (-0.089634981532614 51.50502022478704)
940GZZLULNB,London Bridge,1,National Rail,,,,POINT (-0.089634981532614 51.50502022478704)
940GZZLULRD,Latimer Road,2,Circle,2009.0,,,POINT (-0.217909488822923 51.513396696767806)
940GZZLULRD,Latimer Road,2,Hammersmith & City,,,,POINT (-0.217909488822923 51.513396696767806)
940GZZLULSQ,Leicester Square,1,Northern,,2016.0,,POINT (-0.128489593621119 51.51122271692724)
940GZZLULSQ,Leicester Square,1,Piccadilly,,2016.0,,POINT (-0.128489593621119 51.51122271692724)
940GZZLULVT,Liverpool Street,1,Central,,2016.0,,POINT (-0.083213014052731 51.51730003193537)
940GZZLULVT,Liverpool Street,1,Hammersmith & City,,,,POINT (-0.083213014052731 51.51730003193537)
940GZZLULVT,Liverpool Street,1,Circle,,,,POINT (-0.083213014052731 51.51730003193537)
940GZZLULVT,Liverpool Street,1,Metropolitan,,,,POINT (-0.083213014052731 51.51730003193537)
940GZZLULYN,Leyton,3,Central,,2016.0,,POINT (-0.00540718872357 51.556631296788986)
940GZZLULYS,Leytonstone,3/4,Central,,2016.0,,POINT (0.008402611287096 51.56858139679588)
940GZZLUMBA,Marble Arch,1,Central,,2016.0,,POINT (-0.15783558880026 51.513539796766594)
940GZZLUMDN,Morden,4,Northern,,2016.0,,POINT (-0.194733688865706 51.402345496699596)
940GZZLUMED,Mile End,2,Central,,2016.0,,POINT (-0.03344488874851 51.52535630677074)
940GZZLUMED,Mile End,2,District,,,,POINT (-0.03344488874851 51.52535630677074)
940GZZLUMED,Mile End,2,Hammersmith & City,,,,POINT (-0.03344488874851 51.52535630677074)
940GZZLUMGT,Moorgate,1,Hammersmith & City,,,,POINT (-0.088290110886707 51.518119775424225)
940GZZLUMGT,Moorgate,1,Circle,,,,POINT (-0.088290110886707 51.518119775424225)
940GZZLUMGT,Moorgate,1,Metropolitan,,,,POINT (-0.088290110886707 51.518119775424225)
940GZZLUMGT,Moorgate,1,Northern,,,,POINT (-0.088290110886707 51.518119775424225)
940GZZLUMGT,Moorgate,1,National Rail,,,,POINT (-0.088290110886707 51.518119775424225)
940GZZLUMHL,Mill Hill East,4,Northern,,,,POINT (-0.210150588776241 51.608249996825954)
940GZZLUMMT,Monument,1,District,,,,POINT (-0.0861 51.51065)
940GZZLUMMT,Monument,1,Circle,,,,POINT (-0.0861 51.51065)
940GZZLUMPK,Moor Park,6/7,Metropolitan,,,,POINT (-0.432234388852053 51.629774096844024)
940GZZLUMRH,Manor House,2/3,Piccadilly,,2016.0,,POINT (-0.096185685578747 51.570490776389185)
940GZZLUMSH,Mansion House,1,District,,,,POINT (-0.093754088777106 51.51191049676408)
940GZZLUMSH,Mansion House,1,Circle,,,,POINT (-0.093754088777106 51.51191049676408)
940GZZLUMTC,Mornington Crescent,2,Northern,,2016.0,,POINT (-0.138539288783378 51.534357896778886)
940GZZLUMVL,Maida Vale,2,Bakerloo,,,,POINT (-0.18577458880322 51.52980249677718)
940GZZLUMYB,Marylebone,1,Bakerloo,,,,POINT (-0.163221588798229 51.52227599677205)
940GZZLUMYB,Marylebone,1,National Rail,,,,POINT (-0.163221588798229 51.52227599677205)
940GZZLUNAN,North Acton,2/3,Central,,2016.0,,POINT (-0.259713615198747 51.523604742211035)
940GZZLUNBP,Newbury Park,4,Central,,2016.0,,POINT (0.089947311320243 51.575597996797576)
940GZZLUNDN,Neasden,3,Jubilee,,2016.0,,POINT (-0.249963088816267 51.554168196793526)
940GZZLUNEN,North Ealing,3,Piccadilly,,,,POINT (-0.28853558884774 51.51769459677186)
940GZZLUNFD,Northfields,3,Piccadilly,,2016.0,,POINT (-0.313162346408212 51.499603589322795)
940GZZLUNGW,North Greenwich,2/3,Jubilee,,2016.0,,POINT (0.003884811253405 51.50009359675434)
940GZZLUNHA,North Harrow,5,Metropolitan,,,,POINT (-0.36279748884541 51.58499959681483)
940GZZLUNHG,Notting Hill Gate,1/2,Central,,2016.0,,POINT (-0.196094673572198 51.509199775306286)
940GZZLUNHG,Notting Hill Gate,1/2,District,,,,POINT (-0.196094673572198 51.509199775306286)
940GZZLUNHG,Notting Hill Gate,1/2,Circle,,,,POINT (-0.196094673572198 51.509199775306286)
940GZZLUNHT,Northolt,5,Central,,,,POINT (-0.36907098886456 51.54839089679233)
940GZZLUNKP,Northwick Park,4,Metropolitan,,,,POINT (-0.317777088831029 51.57848819680991)
940GZZLUNOW,Northwood,6,Metropolitan,,,,POINT (-0.423729388857348 51.61078549683203)
940GZZLUNWH,Northwood Hills,6,Metropolitan,,,,POINT (-0.408962788856327 51.60036489682526)
940GZZLUNWY,North Wembley,4,Bakerloo,,,,POINT (-0.303874788833062 51.56240589679972)
940GZZLUNWY,North Wembley,4,London Overground,2007.0,,,POINT (-0.303874788833062 51.56240589679972)
940GZZLUOAK,Oakwood,5,Piccadilly,,2016.0,,POINT (-0.131485188728441 51.64737669684811)
940GZZLUODS,Old Street,1,Northern,,,,POINT (-0.087541788768414 51.52562839677231)
940GZZLUODS,Old Street,1,National Rail,,,,POINT (-0.087541788768414 51.52562839677231)
940GZZLUOSY,Osterley,4,Piccadilly,,2016.0,,POINT (-0.352296488888926 51.48112409675058)
940GZZLUOVL,Oval,2,Northern,,2016.0,,POINT (-0.112368488798028 51.4818290967462)
940GZZLUOXC,Oxford Circus,1,Bakerloo,,,,POINT (-0.142080210790202 51.515307857031786)
940GZZLUOXC,Oxford Circus,1,Central,,2016.0,,POINT (-0.142080210790202 51.515307857031786)
940GZZLUOXC,Oxford Circus,1,Victoria,,2016.0,,POINT (-0.142080210790202 51.515307857031786)
940GZZLUPAC,Paddington,1,Bakerloo,,,,POINT (-0.174490688950375 51.51595475691563)
940GZZLUPAC,Paddington,1,District,,,,POINT (-0.174490688950375 51.51595475691563)
940GZZLUPAC,Paddington,1,Circle,,,,POINT (-0.174490688950375 51.51595475691563)
940GZZLUPAH,Paddington,1,Hammersmith & City,,,,POINT (-0.1767 51.5175)
940GZZLUPAH,Paddington,1,Circle,2009.0,,,POINT (-0.1767 51.5175)
940GZZLUPCC,Piccadilly Circus,1,Bakerloo,,,,POINT (-0.133441888792795 51.509958796763854)
940GZZLUPCC,Piccadilly Circus,1,Piccadilly,,2016.0,,POINT (-0.133441888792795 51.509958796763854)
940GZZLUPCO,Pimlico,1,Victoria,,2016.0,,POINT (-0.132954188802404 51.48889069675099)
940GZZLUPKR,Park Royal,3,Piccadilly,,,,POINT (-0.283955288841933 51.52652279677722)
940GZZLUPLW,Plaistow,3,District,,,,POINT (0.0165714112726 51.53115739677286)
940GZZLUPLW,Plaistow,3,Hammersmith & City,,,,POINT (0.0165714112726 51.53115739677286)
940GZZLUPNR,Pinner,5,Metropolitan,,,,POINT (-0.380809788848867 51.59271359681997)
940GZZLUPRD,Preston Road,4,Metropolitan,,,,POINT (-0.295144488825284 51.5720741968055)
940GZZLUPSG,Parsons Green,2,District,,,,POINT (-0.201087188834214 51.475302496744156)
940GZZLUPVL,Perivale,4,Central,,,,POINT (-0.32357978885239 51.53673969678427)
940GZZLUPYB,Putney Bridge,2,District,,,,POINT (-0.208817488840343 51.46834499674007)
940GZZLUQBY,Queensbury,4,Jubilee,,2016.0,,POINT (-0.286185488811717 51.59417269681894)
940GZZLUQPS,Queen's Park,2,Bakerloo,,,,POINT (-0.205505588808722 51.53399279678017)
940GZZLUQPS,Queen's Park,2,London Overground,2007.0,,,POINT (-0.205505588808722 51.53399279678017)
940GZZLUQWY,Queensway,1,Central,,2016.0,,POINT (-0.187229788812701 51.51050039676537)
940GZZLURBG,Redbridge,4,Central,,2016.0,,POINT (0.045411011304326 51.57636279679949)
940GZZLURGP,Regent's Park,1,Bakerloo,,,,POINT (-0.146499588791418 51.52344719677241)
940GZZLURKW,Rickmansworth,7,Metropolitan,,,,POINT (-0.473582488863576 51.6401814968513)
940GZZLURMD,Richmond,4,District,,,,POINT (-0.30118438887759 51.46333129673877)
940GZZLURMD,Richmond,4,London Overground,2007.0,,,POINT (-0.30118438887759 51.46333129673877)
940GZZLURSG,Ruislip Gardens,5,Central,,,,POINT (-0.410594588875005 51.560740896800745)
940GZZLURSM,Ruislip Manor,6,Metropolitan,,,,POINT (-0.412388088869976 51.57330739680855)
940GZZLURSM,Ruislip Manor,6,Piccadilly,,,,POINT (-0.412388088869976 51.57330739680855)
940GZZLURSP,Ruislip,6,Metropolitan,,,,POINT (-0.421628045003454 51.57137274760845)
940GZZLURSP,Ruislip,6,Piccadilly,,,,POINT (-0.421628045003454 51.57137274760845)
940GZZLURSQ,Russell Square,1,Piccadilly,,2016.0,,POINT (-0.124203388783222 51.523145296771695)
940GZZLURVP,Ravenscourt Park,2,District,,,,POINT (-0.23579748883859 51.494116696756386)
940GZZLURVY,Roding Valley,4,Central,,,,POINT (0.043879811322804 51.61710569682442)
940GZZLURYL,Rayners Lane,5,Metropolitan,,,,POINT (-0.371281388853172 51.57518819680894)
940GZZLURYL,Rayners Lane,5,Piccadilly,,,,POINT (-0.371281388853172 51.57518819680894)
940GZZLURYO,Royal Oak,2,Circle,2009.0,,,POINT (-0.187989018355539 51.5190627502923)
940GZZLURYO,Royal Oak,2,Hammersmith & City,,,,POINT (-0.187989018355539 51.5190627502923)
940GZZLUSBC,Shepherd's Bush,2,Central,,2016.0,,POINT (-0.218 51.50445)
910GSHPDSB,Shepherd's Bush (Rail),2,London Overground,2007.0,,,POINT (-0.2175 51.50513)
910GSHPDSB,Shepherd's Bush (Rail),2,National Rail,,,,POINT (-0.2175 51.50513)
940GZZLUSBM,Shepherd's Bush Market,2,Circle,2009.0,,,POINT (-0.226383088829636 51.505796496763324)
940GZZLUSBM,Shepherd's Bush Market,2,Hammersmith & City,,,,POINT (-0.226383088829636 51.505796496763324)
940GZZLUSDH,Shoreditch,2,East London,,,2005.0,POINT (-0.071059988763706 51.52259999677003)
940GZZLUSEA,South Ealing,3,Piccadilly,,2016.0,,POINT (-0.307100976576217 51.5010291321829)
940GZZLUSFB,Stamford Brook,2,District,,,,POINT (-0.245834688842007 51.494938196757055)
940GZZLUSFS,Southfields,3,District,,,,POINT (-0.206705607801152 51.44552528896166)
940GZZLUSGN,Stepney Green,2,District,,,,POINT (-0.046728188755114 51.52171459676888)
940GZZLUSGN,Stepney Green,2,Hammersmith & City,,,,POINT (-0.046728188755114 51.52171459676888)
940GZZLUSGP,Stonebridge Park,3,Bakerloo,,,,POINT (-0.2757003888308 51.54388119678773)
940GZZLUSGP,Stonebridge Park,3,London Overground,2007.0,,,POINT (-0.2757003888308 51.54388119678773)
940GZZLUSGT,Southgate,4,Piccadilly,,2016.0,,POINT (-0.127810688734001 51.63233359683876)
940GZZLUSHH,South Harrow,5,Piccadilly,,,,POINT (-0.352209788850613 51.56466209680205)
940GZZLUSJP,St. James's Park,1,District,,,,POINT (-0.133535688797638 51.49961199675753)
940GZZLUSJP,St. James's Park,1,Circle,,,,POINT (-0.133535688797638 51.49961199675753)
940GZZLUSJW,St. John's Wood,2,Jubilee,,2016.0,,POINT (-0.174052188796482 51.53483099678)
940GZZLUSKS,South Kensington,1,District,,,,POINT (-0.172900093155076 51.49403710103854)
940GZZLUSKS,South Kensington,1,Circle,,,,POINT (-0.172900093155076 51.49403710103854)
940GZZLUSKS,South Kensington,1,Piccadilly,,2016.0,,POINT (-0.172900093155076 51.49403710103854)
940GZZLUSKT,South Kenton,4,Bakerloo,,,,POINT (-0.3083997888312 51.57025409680464)
940GZZLUSKT,South Kenton,4,London Overground,2007.0,,,POINT (-0.3083997888312 51.57025409680464)
940GZZLUSKW,Stockwell,2,Northern,,2016.0,,POINT (-0.122501888806288 51.47217989674057)
940GZZLUSKW,Stockwell,2,Victoria,,2016.0,,POINT (-0.122501888806288 51.47217989674057)
940GZZLUSNB,Snaresbrook,4,Central,,2016.0,,POINT (0.021513611297592 51.5807299968029)
940GZZLUSPU,St. Paul's,1,Central,,2016.0,,POINT (-0.097481965278037 51.514924829000975)
940GZZLUSRP,South Ruislip,5,Central,,,,POINT (-0.399288388872306 51.55703469679823)
940GZZLUSRP,South Ruislip,5,National Rail,,,,POINT (-0.399288388872306 51.55703469679823)
940GZZLUSSQ,Sloane Square,1,District,,,,POINT (-0.1565261888096 51.49234839675363)
940GZZLUSSQ,Sloane Square,1,Circle,,,,POINT (-0.1565261888096 51.49234839675363)
940GZZLUSTD,Stratford,2/3,Central,,2016.0,,POINT (-0.003884484371211 51.54149403786308)
940GZZLUSTD,Stratford,2/3,Jubilee,,2016.0,,POINT (-0.003884484371211 51.54149403786308)
940GZZLUSTM,Stanmore,5,Jubilee,,2016.0,,POINT (-0.30301638880663 51.61939299683492)
940GZZLUSUH,Sudbury Hill,4,Piccadilly,,,,POINT (-0.336681952450185 51.55698816549702)
940GZZLUSUT,Sudbury Town,4,Piccadilly,,,,POINT (-0.315803488842938 51.55084789679281)
940GZZLUSVS,Seven Sisters,3,Victoria,,2016.0,,POINT (-0.07248 51.5836)
940GZZLUSWC,Swiss Cottage,2,Jubilee,,2016.0,,POINT (-0.174663288792777 51.543335996785196)
940GZZLUSWF,South Woodford,4,Central,,2016.0,,POINT (0.027390811304986 51.59193159680956)
940GZZLUSWK,Southwark,1,Jubilee,,2016.0,,POINT (-0.105149088784987 51.50408009675959)
940GZZLUSWN,South Wimbledon,3/4,Northern,,2016.0,,POINT (-0.192138088858698 51.415328596707454)
940GZZLUTAW,Totteridge & Whetstone,4,Northern,,2016.0,,POINT (-0.1791527887543 51.63036539683885)
940GZZLUTBC,Tooting Bec,3,Northern,,2016.0,,POINT (-0.159650488837145 51.435598296719135)
940GZZLUTBY,Tooting Broadway,3,Northern,,2016.0,,POINT (-0.168185288843982 51.42774539671451)
940GZZLUTBY,Tooting Broadway,3,Crossrail 2,2030.0,,,POINT (-0.168185288843982 51.42774539671451)
940GZZLUTCR,Tottenham Court Road,1,Central,,2016.0,,POINT (-0.130523703657051 51.516467467189486)
940GZZLUTCR,Tottenham Court Road,1,Northern,,2016.0,,POINT (-0.130523703657051 51.516467467189486)
940GZZLUTFP,Tufnell Park,2,Northern,,2016.0,,POINT (-0.138432888772931 51.556807996792614)
940GZZLUTHB,Theydon Bois,6,Central,,,,POINT (0.103210311370094 51.6717380968558)
940GZZLUTMH,Tottenham Hale,3,Victoria,,2016.0,,POINT (-0.05987 51.58843)
940GZZLUTMH,Tottenham Hale,3,National Rail,,,,POINT (-0.05987 51.58843)
940GZZLUTMH,Tottenham Hale,3,Crossrail 2,2030.0,,,POINT (-0.05987 51.58843)
940GZZLUTMP,Temple,1,District,,,,POINT (-0.113749988784941 51.51106179676407)
940GZZLUTMP,Temple,1,Circle,,,,POINT (-0.113749988784941 51.51106179676407)
940GZZLUTNG,Turnham Green,2/3,District,,,,POINT (-0.254530088845205 51.49514349675738)
940GZZLUTNG,Turnham Green,2/3,Piccadilly,,2016.0,,POINT (-0.254530088845205 51.49514349675738)
940GZZLUTPN,Turnpike Lane,3,Piccadilly,,2016.0,,POINT (-0.10284648874406 51.59034819681229)
940GZZLUTWH,Tower Hill,1,District,,,,POINT (-0.077750188772145 51.50980999676242)
940GZZLUTWH,Tower Hill,1,Circle,,,,POINT (-0.077750188772145 51.50980999676242)
940GZZLUUPB,Upminster Bridge,6,District,,,,POINT (0.234693811364312 51.558334196781665)
940GZZLUUPK,Upton Park,3,District,,,,POINT (0.034414111281041 51.5352241967748)
940GZZLUUPK,Upton Park,3,Hammersmith & City,,,,POINT (0.034414111281041 51.5352241967748)
940GZZLUUPM,Upminster,6,District,,,,POINT (0.253023811371168 51.55901329678132)
910GUPMNSTR,Upminster (Rail),6,London Overground,2015.0,,,POINT (0.253 51.5595)
910GUPMNSTR,Upminster (Rail),6,National Rail,,,,POINT (0.253 51.5595)
940GZZLUUPY,Upney,4,District,,,,POINT (0.099727711306271 51.53826659677458)
940GZZLUUXB,Uxbridge,6,Metropolitan,,,,POINT (-0.478411288907967 51.546434196793065)
940GZZLUUXB,Uxbridge,6,Piccadilly,,,,POINT (-0.478411288907967 51.546434196793065)
940GZZLUVIC,Victoria,1,District,,,,POINT (-0.143229488802768 51.49635849675576)
940GZZLUVIC,Victoria,1,Circle,,,,POINT (-0.143229488802768 51.49635849675576)
940GZZLUVIC,Victoria,1,Victoria,,2016.0,,POINT (-0.143229488802768 51.49635849675576)
940GZZLUVIC,Victoria,1,National Rail,,,,POINT (-0.143229488802768 51.49635849675576)
940GZZLUVIC,Victoria,1,Crossrail 2,2030.0,,,POINT (-0.143229488802768 51.49635849675576)
940GZZLUVXL,Vauxhall,1/2,Victoria,,2016.0,,POINT (-0.12307958880055 51.484971696748396)
940GZZLUVXL,Vauxhall,1/2,National Rail,,,,POINT (-0.12307958880055 51.484971696748396)
940GZZLUWAF,Watford,7,Metropolitan,,,,POINT (-0.417372688833715 51.657372196860905)
940GZZLUWBN,West Brompton,2,District,,,,POINT (-0.195487737439094 51.48702994650718)
940GZZLUWBN,West Brompton,2,London Overground,2007.0,,,POINT (-0.195487737439094 51.48702994650718)
940GZZLUWBN,West Brompton,2,National Rail,,,,POINT (-0.195487737439094 51.48702994650718)
940GZZLUWCY,White City,2,Central,,2016.0,,POINT (-0.22438578882598 51.51207189676714)
940GZZLUWFN,West Finchley,4,Northern,,2016.0,,POINT (-0.188301288767383 51.6094883968262)
940GZZLUWHM,West Ham,2/3,District,,,,POINT (0.0044 51.52834)
940GZZLUWHM,West Ham,2/3,Hammersmith & City,,,,POINT (0.0044 51.52834)
940GZZLUWHM,West Ham,2/3,Jubilee,,2016.0,,POINT (0.0044 51.52834)
940GZZLUWHM,West Ham,2/3,National Rail,,,,POINT (0.0044 51.52834)
940GZZLUWHP,West Hampstead,2,Jubilee,,2016.0,,POINT (-0.190799988797229 51.54685659678774)
940GZZLUWHW,West Harrow,5,Metropolitan,,,,POINT (-0.353765188844481 51.5793907968112)
940GZZLUWIG,Willesden Green,2/3,Jubilee,,2016.0,,POINT (-0.221854888807828 51.549329396789936)
940GZZLUWIM,Wimbledon,3,District,,,,POINT (-0.206164202902544 51.4216358831057)
940GZZLUWIM,Wimbledon,3,Crossrail 2,2030.0,,,POINT (-0.206164202902544 51.4216358831057)
940GZZLUWIM,Wimbledon,3,National Rail,,,,POINT (-0.206164202902544 51.4216358831057)
940GZZLUWIP,Wimbledon Park,3,District,,,,POINT (-0.199631988852613 51.43445889671925)
940GZZLUWJN,Willesden Junction,2/3,Bakerloo,,,,POINT (-0.243179588823788 51.5322486967799)
940GZZLUWJN,Willesden Junction,2/3,London Overground,2007.0,,,POINT (-0.243179588823788 51.5322486967799)
940GZZLUWKA,Warwick Avenue,2,Bakerloo,,,,POINT (-0.184009788805566 51.52330039677313)
940GZZLUWKN,West Kensington,2,District,,,,POINT (-0.205979842198908 51.49069666178459)
940GZZLUWLA,Wood Lane,2,Circle,2009.0,,,POINT (-0.22371168882665 51.510073896765896)
940GZZLUWLA,Wood Lane,2,Hammersmith & City,2008.0,,,POINT (-0.22371168882665 51.510073896765896)
940GZZLUWLO,Waterloo,1,Bakerloo,,,,POINT (-0.114356675883582 51.50305709091854)
940GZZLUWLO,Waterloo,1,Jubilee,,2016.0,,POINT (-0.114356675883582 51.50305709091854)
940GZZLUWLO,Waterloo,1,Northern,,2016.0,,POINT (-0.114356675883582 51.50305709091854)
940GZZLUWLO,Waterloo,1,Waterloo & City,,,,POINT (-0.114356675883582 51.50305709091854)
940GZZLUWLO,Waterloo,1,National Rail,,,,POINT (-0.114356675883582 51.50305709091854)
940GZZLUWOF,Woodford,4,Central,,2016.0,,POINT (0.033859511314242 51.60665479681835)
940GZZLUWOG,Wood Green,3,Piccadilly,,2016.0,,POINT (-0.10975528874337 51.59741889681681)
940GZZLUWOG,Wood Green,3,Crossrail 2,2030.0,,,POINT (-0.10975528874337 51.59741889681681)
940GZZLUWOP,Woodside Park,4,Northern,,2016.0,,POINT (-0.185619988762541 51.617793296831245)
940GZZLUWPL,Whitechapel,2,District,,,,POINT (-0.061 51.5196)
940GZZLUWPL,Whitechapel,2,Hammersmith & City,,,,POINT (-0.061 51.5196)
940GZZLUWPL,Whitechapel,2,East London,,,2007.0,POINT (-0.061 51.5196)
940GZZLUWRP,West Ruislip,6,Central,,,,POINT (-0.437661788881495 51.56963189680672)
940GZZLUWRP,West Ruislip,6,National Rail,,,,POINT (-0.437661788881495 51.56963189680672)
940GZZLUWRR,Warren Street,1,Northern,,2016.0,,POINT (-0.138099509950274 51.524653488852564)
940GZZLUWRR,Warren Street,1,Victoria,,2016.0,,POINT (-0.138099509950274 51.524653488852564)
940GZZLUWSD,Wanstead,4,Central,,2016.0,,POINT (0.02862101129784 51.575665896799606)
940GZZLUWSM,Westminster,1,District,,,,POINT (-0.125956372719967 51.50087752524877)
940GZZLUWSM,Westminster,1,Circle,,,,POINT (-0.125956372719967 51.50087752524877)
940GZZLUWSM,Westminster,1,Jubilee,,2016.0,,POINT (-0.125956372719967 51.50087752524877)
940GZZLUWSP,Westbourne Park,2,Circle,2009.0,,,POINT (-0.201508488813243 51.52094869677208)
940GZZLUWSP,Westbourne Park,2,Hammersmith & City,,,,POINT (-0.201508488813243 51.52094869677208)
940GZZLUWTA,West Acton,3,Central,,2016.0,,POINT (-0.280605088844486 51.51819639677204)
940GZZLUWWL,Walthamstow Central,3,Victoria,,2016.0,,POINT (-0.0201 51.5839)
940GZZLUWYC,Wembley Central,4,Bakerloo,,,,POINT (-0.295882588835057 51.551395096792774)
940GZZLUWYC,Wembley Central,4,London Overground,2007.0,,,POINT (-0.295882588835057 51.551395096792774)
940GZZLUWYC,Wembley Central,4,National Rail,,,,POINT (-0.295882588835057 51.551395096792774)
940GZZLUWYP,Wembley Park,4,Jubilee,,2016.0,,POINT (-0.280039988823317 51.56376829680006)
940GZZLUWYP,Wembley Park,4,Metropolitan,,,,POINT (-0.280039988823317 51.56376829680006)
940GZZLU960,Cassiobridge,M,Metropolitan,9999.0,,,POINT (-0.424368370339758 51.65062642509474)
940GZZLU961,Watford Vicarage Road,M,Metropolitan,9999.0,,,POINT (-0.408661354344142 51.646791968757654)
940GZZLU990,Nine Elms,2,Northern,2022.0,,,POINT (-0.128617275486981 51.48015346456321)
940GZZLU991,Battersea Power Station,2,Northern,2022.0,,,POINT (-0.142993915812499 51.47943182817867)
940GZZDLABR,Abbey Road,2/3,DLR,2011.0,,,POINT (0.003530311268391 51.53239359677397)
940GZZDLALL,All Saints,2,DLR,,,,POINT (-0.013071288747848 51.51071599676127)
940GZZDLBEC,Beckton,3,DLR,,,,POINT (0.061052711280941 51.51427849676127)
940GZZDLBLA,Blackwall,2,DLR,,,,POINT (-0.007226188746996 51.507944996759434)
940GZZDLBNK,Bank (DLR),1,DLR,,,,POINT (-0.087 51.5123)
940GZZDLBOW,Bow Church,2,DLR,,,,POINT (-0.020910788742779 51.52772929677183)
940GZZDLBPK,Beckton Park,3,DLR,,,,POINT (0.054975711276119 51.50872579675808)
940GZZDLCAN,Canary Wharf,2,DLR,,,,POINT (-0.020897328555329 51.505171856405184)
940GZZDLCGT,Canning Town (DLR),2/3,DLR,,,,POINT (0.008 51.5135)
940GZZDLCLA,Crossharbour,2,DLR,,,,POINT (-0.014468088755321 51.49583639675227)
940GZZDLCUS,Custom House,3,DLR,,,,POINT (0.02637 51.5097)
940GZZDLCUT,Cutty Sark,2/3,DLR,,,,POINT (-0.010720788760546 51.48174139674361)
940GZZDLCYP,Cyprus,3,DLR,,,,POINT (0.063971211279256 51.508432396757634)
940GZZDLDEP,Deptford Bridge,2/3,DLR,,,,POINT (-0.022393988768403 51.4741099967393)
940GZZDLDEV,Devons Road,2,DLR,,,,POINT (-0.01750108874398 51.52247469676852)
940GZZDLEIN,East India,2/3,DLR,,,,POINT (-0.002258988744497 51.50938559676015)
940GZZDLELV,Elverson Road,2/3,DLR,,,,POINT (-0.016786388768695 51.4690956967361)
940GZZDLGAL,Gallions Reach,3,DLR,,,,POINT (0.071771211282341 51.50896429675772)
940GZZDLGRE,Greenwich,2/3,DLR,,,,POINT (-0.015487288764028 51.4780421967415)
940GZZDLGRE,Greenwich,2/3,National Rail,,,,POINT (-0.015487288764028 51.4780421967415)
940GZZDLHEQ,Heron Quays,2,DLR,,,,POINT (-0.021437188754409 51.503261596756964)
940GZZDLISL,Island Gardens,2,DLR,,,,POINT (-0.010293788757498 51.48791609674734)
940GZZDLKGV,King George V,3,DLR,2005.0,,,POINT (0.062157952706417 51.50195162689735)
940GZZDLLCA,London City Airport,3,DLR,2005.0,,,POINT (0.04801181127121 51.503675596755244)
940GZZDLLDP,Langdon Park,2,DLR,2007.0,,,POINT (-0.014112888746161 51.51513999676399)
940GZZDLLEW,Lewisham,2/3,DLR,,,,POINT (-0.012909888769327 51.464714096733346)
940GZZDLLEW,Lewisham,2/3,National Rail,,,,POINT (-0.012909888769327 51.464714096733346)
940GZZDLLIM,Limehouse,2,DLR,,,,POINT (-0.039687188756875 51.512372196762975)
940GZZDLLIM,Limehouse,2,National Rail,,,,POINT (-0.039687188756875 51.512372196762975)
940GZZDLMUD,Mudchute,2,DLR,,,,POINT (-0.014953588757438 51.49169769674977)
940GZZDLPDK,Pontoon Dock,3,DLR,2005.0,,,POINT (0.03270381126494 51.5022143967548)
940GZZDLPOP,Poplar,2,DLR,,,,POINT (-0.017477988750811 51.50783969675963)
940GZZDLPRE,Prince Regent,3,DLR,,,,POINT (0.033622611268687 51.509486596759196)
940GZZDLPUD,Pudding Mill Lane,2/3,DLR,,,,POINT (-0.013515247304248 51.533844325066234)
940GZZDLRAL,Royal Albert,3,DLR,,,,POINT (0.045657511272545 51.508343896758134)
940GZZDLRVC,Royal Victoria,3,DLR,,,,POINT (0.017929848695488 51.50916837427994)
940GZZDLSHA,Shadwell,2,DLR,,,,POINT (-0.0562 51.51175)
940GZZDLSHS,Stratford High Street,2/3,DLR,2011.0,,,POINT (-0.000337888730548 51.537698696777326)
940GZZDLSIT,Stratford International,2/3,DLR,2011.0,,,POINT (-0.008861088729918 51.545762996782464)
940GZZDLSIT,Stratford International,2/3,National Rail,,,,POINT (-0.008861088729918 51.545762996782464)
940GZZDLSOQ,South Quay,2,DLR,,,,POINT (-0.016193388754003 51.50001019675486)
940GZZDLSTD,Stratford (DLR 1),2/3,DLR,,,,POINT (-0.004857308924332 51.54032861204653)
940GZZDLSTL,Star Lane,2/3,DLR,2011.0,,,POINT (0.004174911263093 51.52055939676674)
940GZZDLTWG,Tower Gateway,1,DLR,,,,POINT (-0.07441368877053 51.510623296762816)
940GZZDLWFE,Westferry,2,DLR,,,,POINT (-0.026735688753466 51.50945149676087)
940GZZDLWHM,West Ham (DLR),2/3,DLR,2011.0,,,POINT (0.005 51.528)
940GZZDLWIQ,West India Quay,2,DLR,,,,POINT (-0.020404088752326 51.50690409675916)
940GZZDLWLA,Woolwich Arsenal,4,DLR,2009.0,,,POINT (0.069384611272697 51.490297196746496)
940GZZDLWLA,Woolwich Arsenal,4,National Rail,,,,POINT (0.069384611272697 51.490297196746496)
940GZZDLWSV,West Silvertown,3,DLR,2005.0,,,POINT (0.02212531126141 51.50292869675556)
940GZZCRADD,Addiscombe,T,Tramlink,,,,POINT (-0.073266988831205 51.37993649668357)
940GZZCRADV,Addington Village,T,Tramlink,,,,POINT (-0.032495188827444 51.35620749666833)
940GZZCRAMP,Ampere Way,T,Tramlink,,,,POINT (-0.123687088848636 51.3823590966861)
940GZZCRARA,Arena,T,Tramlink,,,,POINT (-0.058252888820225 51.391605396690274)
940GZZCRAVE,Avenue Road,T,Tramlink,,,,POINT (-0.048999588809592 51.407044996699376)
940GZZCRBED,Beddington Lane,T,Tramlink,,,,POINT (-0.14284628885241 51.38945229669079)
940GZZCRBEK,Beckenham Junction,4/T,Tramlink,,,,POINT (-0.026158688799508 51.410718396701036)
940GZZCRBGV,Belgrave Walk,T,Tramlink,,,,POINT (-0.178356888860234 51.40097589669847)
940GZZCRBIR,Birkbeck,4/T,Tramlink,,,,POINT (-0.055801588813631 51.40374789669755)
940GZZCRBLA,Blackhorse Lane,T,Tramlink,,,,POINT (-0.070462388827887 51.38482009668646)
940GZZCRBRD,Beckenham Road,T,Tramlink,,,,POINT (-0.043156888806235 51.40963659670081)
940GZZCRCEN,George Street,T,Tramlink,,,,POINT (-0.098710088843369 51.37393119668049)
940GZZCRCHR,Church Street,T,Tramlink,,,,POINT (-0.104029388845487 51.3735905966804)
940GZZCRCOO,Coombe Lane,T,Tramlink,,,,POINT (-0.060086488835836 51.35978259667113)
940GZZCRCTR,Centrale,T,Tramlink,2005.0,,,POINT (-0.103774388844323 51.37587609668177)
940GZZCRDDR,Dundonald Road,T,Tramlink,,,,POINT (-0.207617488863477 51.41750749670907)
940GZZCRECR,East Croydon,5/T,Tramlink,,,,POINT (-0.092713188840752 51.37480809668089)
940GZZCRELM,Elmers End,4/T,Tramlink,,,,POINT (-0.049693288813972 51.39824909669408)
940GZZCRFLD,Fieldway,T,Tramlink,,,,POINT (-0.024214588826894 51.350969796665005)
940GZZCRGRA,Gravel Hill,T,Tramlink,,,,POINT (-0.042861488832011 51.35452929666758)
940GZZCRHAR,Harrington Road,T,Tramlink,,,,POINT (-0.060481088817264 51.399662996695184)
940GZZCRKGH,King Henry's Drive,T,Tramlink,,,,POINT (-0.020392588828079 51.345507296661644)
940GZZCRLEB,Lebanon Road,T,Tramlink,,,,POINT (-0.084500388837574 51.37514879668091)
940GZZCRLOY,Lloyd Park,T,Tramlink,,,,POINT (-0.080695488841328 51.3641660966742)
940GZZCRMCH,Mitcham,T,Tramlink,,,,POINT (-0.171137588859137 51.39755579669625)
940GZZCRMDN,Morden Road,T,Tramlink,,,,POINT (-0.192911988861987 51.40888009670355)
940GZZCRMJT,Mitcham Junction,4/T,Tramlink,,,,POINT (-0.157297388856284 51.392641596693)
940GZZCRMTP,Merton Park,T,Tramlink,,,,POINT (-0.201386288862886 51.41375709670668)
940GZZCRNWA,New Addington,T,Tramlink,,,,POINT (-0.017338788828388 51.34249559665974)
940GZZCRPHI,Phipps Bridge,T,Tramlink,,,,POINT (-0.182106188860534 51.40333149669996)
940GZZCRRVC,Reeves Corner,T,Tramlink,,,,POINT (-0.106320688845725 51.37488659668123)
940GZZCRSAN,Sandilands,T,Tramlink,,,,POINT (-0.077726988835188 51.374931396680644)
940GZZCRTPA,Therapia Lane,T,Tramlink,,,,POINT (-0.129091488849072 51.38569739668822)
940GZZCRWAD,Waddon Marsh,T,Tramlink,,,,POINT (-0.117826688848977 51.37700309668275)
940GZZCRWAN,Wandle Park,T,Tramlink,,,,POINT (-0.113361688848976 51.37348139668053)
940GZZCRWCR,West Croydon (Tram),T,Tramlink,,,,POINT (-0.10163762652037 51.37904471414589)
940GZZCRWEL,Wellesley Road,T,Tramlink,,,,POINT (-0.097616588842174 51.375624196681486)
940GZZCRWMB,Wimbledon (Tram),T,Tramlink,,,,POINT (-0.20517052199889 51.421505826173046)
940GZZCRWOD,Woodside,T,Tramlink,,,,POINT (-0.065660288825133 51.38693369668762)
940GZZALGWP,Emirates Greenwich Peninsula,C,IFS Cloud Cable Car,2012.0,,,POINT (0.008211399368548 51.499686558561045)
940GZZALRDK,Emirates Royal Docks,C,IFS Cloud Cable Car,2012.0,,,POINT (0.018085595852841 51.50776656435016)
910GABWD,Abbey Wood,4,Elizabeth line,2022.0,,,POINT (0.120405436239865 51.49109337925192)
910GACTNCTL,Acton Central,3,London Overground,2007.0,,,POINT (-0.262832588842098 51.50870909676585)
910GACTONML,Acton Main Line,3,Elizabeth line,2018.0,,,POINT (-0.267155188839869 51.51710769677108)
910GANERLEY,Anerley,4,London Overground,2010.0,,,POINT (-0.06579798881331 51.41226409670292)
910GANERLEY,Anerley,4,National Rail,,,,POINT (-0.06579798881331 51.41226409670292)
910GANGELRD,Angel Road,4,National Rail,2030.0,,,POINT (-0.04906 51.61267)
910GANGELRD,Angel Road,4,Crossrail 2,2030.0,,,POINT (-0.04906 51.61267)
910GBARKING,Barking (Rail),4,London Overground,2007.0,,,POINT (0.0809 51.5392)
910GBARKING,Barking (Rail),4,National Rail,,,,POINT (0.0809 51.5392)
910GBATRSPK,Battersea Park,2,London Overground,2012.0,,,POINT (-0.147444088812855 51.478039996744684)
910GBATRSPK,Battersea Park,2,National Rail,,,,POINT (-0.147444088812855 51.478039996744684)
910GBHILLPK,Bush Hill Park,5,London Overground,2015.0,,,POINT (-0.069034388707848 51.64120569684262)
910GBLCHSRD,Blackhorse Road (Rail),3,London Overground,2007.0,,,POINT (-0.041339070661268 51.58663564266132)
910GBNHAM,Burnham,X,Elizabeth line,2020.0,,,POINT (-0.64635268898481 51.52339969678144)
910GBNHAM,Burnham,X,National Rail,,,,POINT (-0.64635268898481 51.52339969678144)
910GBONDST,Bond Street,1,Elizabeth line,2022.0,,,POINT (-0.148 51.5134)
910GBONDST,Bond Street,1,National Rail,2022.0,,,POINT (-0.148 51.5134)
910GBRBY,Brondesbury,2,London Overground,2007.0,,,POINT (-0.202323488802381 51.545122796786934)
910GBRBYPK,Brondesbury Park,2,London Overground,2007.0,,,POINT (-0.21014798880738 51.54069629678439)
910GBRIMSDN,Brimsdown,5,National Rail,2030.0,,,POINT (-0.03086 51.65556)
910GBRIMSDN,Brimsdown,5,Crossrail 2,2030.0,,,POINT (-0.03086 51.65556)
910GBRLANDS,Berrylands,5,National Rail,2030.0,,,POINT (-0.28093 51.399)
910GBRLANDS,Berrylands,5,Crossrail 2,2030.0,,,POINT (-0.28093 51.399)
910GBROCKLY,Brockley,2,London Overground,2010.0,,,POINT (-0.037468788778374 51.464638196733944)
910GBROCKLY,Brockley,2,National Rail,,,,POINT (-0.037468788778374 51.464638196733944)
910GBROXBRN,Broxbourne,11,National Rail,2030.0,,,POINT (-0.010750977068147 51.74689624377911)
910GBROXBRN,Broxbourne,11,Crossrail 2,2030.0,,,POINT (-0.010750977068147 51.74689624377911)
910GBRTWOOD,Brentwood,9,Elizabeth line,2015.0,,2018.0,POINT (0.299833811413642 51.61353539681216)
910GBRTWOOD,Brentwood,9,Elizabeth line,2019.0,,,POINT (0.299833811413642 51.61353539681216)
910GBRUCGRV,Bruce Grove,3,London Overground,2015.0,,,POINT (-0.070081088730269 51.59371069681349)
910GBTHNLGR,Bethnal Green,2,London Overground,2015.0,,,POINT (-0.059428988758786 51.52391029677053)
910GBUSHYDC,Bushey,8,London Overground,2007.0,,,POINT (-0.385197388826427 51.64574929685299)
910GBUSHYDC,Bushey,8,National Rail,,,,POINT (-0.385197388826427 51.64574929685299)
910GCAMHTH,Cambridge Heath,2,London Overground,2015.0,,,POINT (-0.057592688754134 51.532434796775696)
910GCNDAW,Canada Water (Rail),2,London Overground,2010.0,2017.0,,POINT (-0.04995 51.4975)
910GCNDAW,Canada Water (Rail),2,East London,,,2007.0,POINT (-0.04995 51.4975)
910GCHDWLHT,Chadwell Heath,5,Elizabeth line,2015.0,,2018.0,POINT (0.129059911330856 51.56793909679156)
910GCHDWLHT,Chadwell Heath,5,Elizabeth line,2019.0,,,POINT (0.129059911330856 51.56793909679156)
910GCHESHNT,Cheshunt,8,London Overground,2015.0,,,POINT (-0.023974688662454 51.70287049687923)
910GCHESHNT,Cheshunt,8,National Rail,,,,POINT (-0.023974688662454 51.70287049687923)
910GCHESHNT,Cheshunt,8,Crossrail 2,2030.0,,,POINT (-0.023974688662454 51.70287049687923)
910GCHINGFD,Chingford,5,London Overground,2015.0,,,POINT (0.010078511317856 51.63322209683535)
910GCHSSN,Chessington North,6,National Rail,2030.0,,,POINT (-0.30067 51.36396)
910GCHSSN,Chessington North,6,Crossrail 2,2030.0,,,POINT (-0.30067 51.36396)
910GCHSSS,Chessington South,6,National Rail,2030.0,,,POINT (-0.308259538149212 51.35672661742655)
910GCHSSS,Chessington South,6,Crossrail 2,2030.0,,,POINT (-0.308259538149212 51.35672661742655)
910GCLAPTON,Clapton,2/3,London Overground,2015.0,,,POINT (-0.056832088740239 51.561662996793515)
910GCLDNNRB,Caledonian Road & Barnsbury,2,London Overground,2007.0,,,POINT (-0.114988188770282 51.54360709678396)
910GCLPHHS,Clapham High Street,2,London Overground,2012.0,,,POINT (-0.132391930431763 51.46550780571503)
910GCLPHHS,Clapham High Street,2,National Rail,,,,POINT (-0.132391930431763 51.46550780571503)
910GCLPHMJ1,Clapham Junction,2,London Overground,2007.0,,,POINT (-0.171967388828167 51.46480029673714)
910GCLPHMJ1,Clapham Junction,2,National Rail,,,,POINT (-0.171967388828167 51.46480029673714)
910GCLPHMJ1,Clapham Junction,2,Crossrail 2,2030.0,,,POINT (-0.171967388828167 51.46480029673714)
910GCMDNRD,Camden Road,2,London Overground,2007.0,,,POINT (-0.139464288780204 51.54194919678354)
910GCNNB,Canonbury,2,London Overground,2007.0,2018.0,,POINT (-0.092683288759605 51.54867999678651)
910GCROUCHH,Crouch Hill,3,London Overground,2007.0,,,POINT (-0.11719538875827 51.57127849680097)
910GCRPNDPK,Carpenders Park,7,London Overground,2007.0,,,POINT (-0.3856743888345 51.62840699684222)
910GCRYSTLP,Crystal Palace,3/4,London Overground,2010.0,,,POINT (-0.072204588813006 51.417944996706495)
910GCRYSTLP,Crystal Palace,3/4,National Rail,,,,POINT (-0.072204588813006 51.417944996706495)
910GCSEAH,Imperial Wharf,2,London Overground,2009.0,,,POINT (-0.183135288827482 51.475287196743786)
910GCSEAH,Imperial Wharf,2,National Rail,,,,POINT (-0.183135288827482 51.475287196743786)
910GCUSTMHS,Custom House,3,Elizabeth line,2022.0,,,POINT (0.0267 51.5099)
910GDALS,Dalston Junction,2,London Overground,2010.0,2017.0,,POINT (-0.074907788754177 51.5461353967845)
910GDALS,Dalston Junction,2,Crossrail 2,2030.0,,,POINT (-0.074907788754177 51.5461353967845)
910GDALSKLD,Dalston Kingsland,2,London Overground,2007.0,,,POINT (-0.075823488753569 51.548172796785764)
910GDENMRKH,Denmark Hill,2,London Overground,2012.0,,,POINT (-0.089005688795736 51.46816069673735)
910GDENMRKH,Denmark Hill,2,National Rail,,,,POINT (-0.089005688795736 51.46816069673735)
910GEALINGB,Ealing Broadway (Rail),3,Elizabeth line,2018.0,,2018.0,POINT (-0.30154338885404 51.51478499677034)
910GEALINGB,Ealing Broadway (Rail),3,Elizabeth line,2019.0,,,POINT (-0.30154338885404 51.51478499677034)
910GEALINGB,Ealing Broadway (Rail),3,National Rail,,,,POINT (-0.30154338885404 51.51478499677034)
910GEDMNGRN,Edmonton Green,4,London Overground,2015.0,,,POINT (-0.061243388712466 51.62497219683241)
910GEDMNGRN,Edmonton Green,4,National Rail,,,,POINT (-0.061243388712466 51.62497219683241)
910GEMRSPKH,Emerson Park,6,London Overground,2015.0,,,POINT (0.220266911364005 51.568586996788476)
910GENFLDLK,Enfield Lock,6,National Rail,2030.0,,,POINT (-0.0286 51.67088)
910GENFLDLK,Enfield Lock,6,Crossrail 2,2030.0,,,POINT (-0.0286 51.67088)
910GENFLDTN,Enfield Town,5,London Overground,2015.0,,,POINT (-0.079386088706738 51.6519705968495)
910GEPSM,Epsom,X,National Rail,2030.0,,,POINT (-0.268513190088267 51.33461449339064)
910GEPSM,Epsom,X,Crossrail 2,2030.0,,,POINT (-0.268513190088267 51.33461449339064)
910GEUSTON,Euston (Rail),1,London Overground,2007.0,,,POINT (-0.1348 51.529)
910GEUSTON,Euston (Rail),1,National Rail,,,,POINT (-0.1348 51.529)
910GEUSTON,Euston (Rail),1,Crossrail 2,2030.0,,,POINT (-0.1348 51.529)
910GEWELW,Ewell West,6,National Rail,,,,POINT (-0.25707 51.35023)
910GEWELW,Ewell West,6,Crossrail 2,2030.0,,,POINT (-0.25707 51.35023)
910GFNCHLYR,Finchley Road & Frognal,2,London Overground,2007.0,,,POINT (-0.1839536887932 51.54998999678951)
910GFNTLSR,Farringdon (Rail),1,Elizabeth line,2019.0,,,POINT (-0.1033 51.5192)
910GFNTLSR,Farringdon (Rail),1,National Rail,,,,POINT (-0.1033 51.5192)
910GFNTLSR,Farringdon (Rail),1,Thameslink 6tph line,2035.0,,,POINT (-0.1033 51.5192)
910GFORESTH,Forest Hill,3,London Overground,2010.0,,,POINT (-0.052834088795661 51.439774896719264)
910GFORESTH,Forest Hill,3,National Rail,,,,POINT (-0.052834088795661 51.439774896719264)
910GFRSTGT,Forest Gate,3,Elizabeth line,2015.0,,2018.0,POINT (0.024121670114462 51.54954970448148)
910GFRSTGT,Forest Gate,3,Elizabeth line,2019.0,,,POINT (0.024121670114462 51.54954970448148)
910GFULWELL,Fulwell,6,National Rail,2030.0,,,POINT (-0.34967 51.43375)
910GFULWELL,Fulwell,6,Crossrail 2,2030.0,,,POINT (-0.34967 51.43375)
910GGIDEAPK,Gidea Park,6,Elizabeth line,2015.0,,2018.0,POINT (0.20528801136479 51.58161569679698)
910GGIDEAPK,Gidea Park,6,Elizabeth line,2019.0,,,POINT (0.20528801136479 51.58161569679698)
910GGODMAYS,Goodmayes,4,Elizabeth line,2015.0,,2018.0,POINT (0.11099661132316 51.565501496790716)
910GGODMAYS,Goodmayes,4,Elizabeth line,2019.0,,,POINT (0.11099661132316 51.565501496790716)
910GGOSPLOK,Gospel Oak,2,London Overground,2007.0,,,POINT (-0.152152888778603 51.555677396792255)
910GHACKNYC,Hackney Central,2,London Overground,2007.0,,,POINT (-0.057317188747216 51.547062796784594)
910GHACKNYW,Hackney Wick,2,London Overground,2007.0,,,POINT (-0.024834388736903 51.543412996781505)
910GHAGGERS,Haggerston,2,London Overground,2010.0,2017.0,,POINT (-0.075537788757763 51.53892929678013)
910GHAKNYNM,Hackney Downs,2,London Overground,2015.0,,,POINT (-0.061151088747704 51.54907209678591)
910GHAKNYNM,Hackney Downs,2,National Rail,,,,POINT (-0.061151088747704 51.54907209678591)
910GHAMPTON,Hampton,6,National Rail,2030.0,,,POINT (-0.37215 51.41591)
910GHAMPTON,Hampton,6,Crossrail 2,2030.0,,,POINT (-0.37215 51.41591)
910GHAMWICK,Hampton Wick,6,National Rail,2030.0,,,POINT (-0.31234 51.41455)
910GHAMWICK,Hampton Wick,6,Crossrail 2,2030.0,,,POINT (-0.31234 51.41455)
910GHANWELL,Hanwell,4,Elizabeth line,2018.0,,,POINT (-0.338595788869588 51.51180859676921)
910GHANWELL,Hanwell,4,National Rail,,,,POINT (-0.338595788869588 51.51180859676921)
910GHAYESAH,Hayes & Harlington,5,Elizabeth line,2018.0,,,POINT (-0.419623688904869 51.502969896765194)
910GHAYESAH,Hayes & Harlington,5,National Rail,,,,POINT (-0.419623688904869 51.502969896765194)
910GHCRT,Hampton Court,6,National Rail,2030.0,,,POINT (-0.342598219807308 51.4019791448366)
910GHCRT,Hampton Court,6,Crossrail 2,2030.0,,,POINT (-0.342598219807308 51.4019791448366)
910GHEDSTNL,Headstone Lane,5,London Overground,2007.0,,,POINT (-0.356631788835075 51.60241749682551)
910GHGHI,Highbury & Islington (Rail),2,London Overground,2007.0,2018.0,,POINT (-0.105 51.54597)
910GHGHI,Highbury & Islington (Rail),2,National Rail,,,,POINT (-0.105 51.54597)
910GHGHMSPK,Highams Park,4,London Overground,2015.0,,,POINT (-0.000197988697262 51.60891779682079)
910GHMPSTDH,Hampstead Heath,2,London Overground,2007.0,,,POINT (-0.165335188783757 51.555245996792294)
910GHOMRTON,Homerton,2,London Overground,2007.0,,,POINT (-0.042503688741728 51.547069996784195)
910GHONROPK,Honor Oak Park,3,London Overground,2010.0,,,POINT (-0.045361288788121 51.450013196725266)
910GHONROPK,Honor Oak Park,3,National Rail,,,,POINT (-0.045361288788121 51.450013196725266)
910GHOXTON,Hoxton,1/2,London Overground,2010.0,2017.0,,POINT (-0.075625088761269 51.531469996775556)
910GHRGYGL,Harringay Green Lanes,3,London Overground,2007.0,,,POINT (-0.097820988748259 51.57724229680412)
910GHRLDWOD,Harold Wood,6,Elizabeth line,2015.0,,2018.0,POINT (0.233006111379948 51.59268119680253)
910GHRLDWOD,Harold Wood,6,Elizabeth line,2019.0,,,POINT (0.233006111379948 51.59268119680253)
910GHTCHEND,Hatch End,6,London Overground,2007.0,,,POINT (-0.368613288836501 51.60946399683011)
910GILFORD,Ilford,4,Elizabeth line,2015.0,,2018.0,POINT (0.069917111305178 51.55904859678818)
910GILFORD,Ilford,4,Elizabeth line,2019.0,,,POINT (0.069917111305178 51.55904859678818)
910GIVER,Iver,X,Elizabeth line,2020.0,,,POINT (-0.506544488936156 51.50864339677012)
910GIVER,Iver,X,National Rail,,,,POINT (-0.506544488936156 51.50864339677012)
910GKENR,Kensal Rise,2,London Overground,2007.0,,,POINT (-0.220225588814095 51.53440809678075)
910GKGSTON,Kingston,6,National Rail,2030.0,,,POINT (-0.30182 51.41287)
910GKGSTON,Kingston,6,Crossrail 2,2030.0,,,POINT (-0.30182 51.41287)
910GKLBRNHR,Kilburn High Road,2,London Overground,2007.0,,,POINT (-0.191495088801738 51.537665796782115)
910GKMPTNPK,Kempton Park,X,National Rail,2030.0,,,POINT (-0.40948 51.42099)
910GKMPTNPK,Kempton Park,X,Crossrail 2,2030.0,,,POINT (-0.40948 51.42099)
910GKNTSHTW,Kentish Town West,2,London Overground,2007.0,,,POINT (-0.146750388780558 51.54707549678687)
910GLANGLEY,Langley,X,Elizabeth line,2020.0,,,POINT (-0.541210388950089 51.50794669677024)
910GLANGLEY,Langley,X,National Rail,,,,POINT (-0.541210388950089 51.50794669677024)
910GLEYTNMR,Leyton Midland Road,3,London Overground,2007.0,,,POINT (-0.007268088718236 51.56953219679692)
910GLIVST,Liverpool Street,1,London Overground,2015.0,,,POINT (-0.0807 51.5181)
910GLIVST,Liverpool Street,1,Elizabeth line,2015.0,,,POINT (-0.0807 51.5181)
910GLIVSTLL,Liverpool Street,1,Elizabeth line,2022.0,,,POINT (-0.0842 51.5181)
910GLONFLDS,London Fields,2,London Overground,2015.0,,,POINT (-0.057854888750166 51.54115719678102)
910GLYTNSHR,Leytonstone High Road,3,London Overground,2007.0,,,POINT (0.007712211284655 51.56390009679304)
910GMALDENM,Malden Manor,4,National Rail,2030.0,,,POINT (-0.2612451 51.3847246)
910GMALDENM,Malden Manor,4,Crossrail 2,2030.0,,,POINT (-0.2612451 51.3847246)
910GMANRPK,Manor Park,3/4,Elizabeth line,2015.0,,2018.0,POINT (0.045781611293266 51.55244829678492)
910GMANRPK,Manor Park,3/4,Elizabeth line,2019.0,,,POINT (0.045781611293266 51.55244829678492)
910GMDNHEAD,Maidenhead,X,Elizabeth line,2020.0,,,POINT (-0.722757502466049 51.518319481792055)
910GMDNHEAD,Maidenhead,X,National Rail,,,,POINT (-0.722757502466049 51.518319481792055)
910GMOTSPRP,Motspur Park,4,National Rail,2030.0,,,POINT (-0.23962 51.39485)
910GMOTSPRP,Motspur Park,4,Crossrail 2,2030.0,,,POINT (-0.23962 51.39485)
910GMRYLAND,Maryland,3,Elizabeth line,2015.0,,2018.0,POINT (0.006227611275838 51.546198796782306)
910GMRYLAND,Maryland,3,Elizabeth line,2019.0,,,POINT (0.006227611275838 51.546198796782306)
910GNEWMLDN,New Malden,4,National Rail,2030.0,,,POINT (-0.25576 51.40394)
910GNEWMLDN,New Malden,4,Crossrail 2,2030.0,,,POINT (-0.25576 51.40394)
910GNEWSGAT,New Southgate,4,National Rail,2030.0,,,POINT (-0.143084299183598 51.61407252211044)
910GNEWSGAT,New Southgate,4,Crossrail 2,2030.0,,,POINT (-0.143084299183598 51.61407252211044)
910GNEWXGTE,New Cross Gate,2,London Overground,2010.0,2017.0,,POINT (-0.040266988774352 51.47543279674057)
910GNEWXGTE,New Cross Gate,2,East London,,,2007.0,POINT (-0.040266988774352 51.47543279674057)
910GNEWXGTE,New Cross Gate,2,Thameslink 6tph line,2035.0,,,POINT (-0.040266988774352 51.47543279674057)
910GNEWXGTE,New Cross Gate,2,National Rail,,,,POINT (-0.040266988774352 51.47543279674057)
910GNMBRLPK,Northumberland Park,3,National Rail,2030.0,,,POINT (-0.05379 51.60233)
910GNMBRLPK,Northumberland Park,3,Crossrail 2,2030.0,,,POINT (-0.05379 51.60233)
910GNORWDJ,Norwood Junction,4,London Overground,2010.0,,,POINT (-0.074624788823633 51.39715339669399)
910GNORWDJ,Norwood Junction,4,Thameslink 6tph line,2035.0,,,POINT (-0.074624788823633 51.39715339669399)
910GNORWDJ,Norwood Junction,4,National Rail,,,,POINT (-0.074624788823633 51.39715339669399)
910GNRBITON,Norbiton,5,National Rail,2030.0,,,POINT (-0.284115 51.4122896)
910GNRBITON,Norbiton,5,Crossrail 2,2030.0,,,POINT (-0.284115 51.4122896)
910GNWCRELL,New Cross,2,London Overground,2010.0,,,POINT (-0.032341188770877 51.47663109674108)
910GNWCRELL,New Cross,2,East London,,,2007.0,POINT (-0.032341188770877 51.47663109674108)
910GNWCRELL,New Cross,2,National Rail,,,,POINT (-0.032341188770877 51.47663109674108)
910GPADTLL,Paddington,1,Elizabeth line,2019.0,,,POINT (-0.1777 51.5162)
910GPCKHMQD,Queens Road Peckham,2,London Overground,2012.0,,,POINT (-0.056991888781153 51.47406129674014)
910GPCKHMQD,Queens Road Peckham,2,National Rail,,,,POINT (-0.056991888781153 51.47406129674014)
910GPCKHMRY,Peckham Rye,2,London Overground,2012.0,,,POINT (-0.07038638878825 51.469449496737674)
910GPCKHMRY,Peckham Rye,2,National Rail,,,,POINT (-0.07038638878825 51.469449496737674)
910GPENEW,Penge West,4,London Overground,2010.0,,,POINT (-0.060636388808971 51.41747759670595)
910GPENEW,Penge West,4,National Rail,,,,POINT (-0.060636388808971 51.41747759670595)
910GPNDRSEN,Ponders End,5,National Rail,2030.0,,,POINT (-0.03478 51.64291)
910GPNDRSEN,Ponders End,5,Crossrail 2,2030.0,,,POINT (-0.03478 51.64291)
910GRAYNSPK,Raynes Park,4,National Rail,2030.0,,,POINT (-0.23053 51.40898)
910GRAYNSPK,Raynes Park,4,Crossrail 2,2030.0,,,POINT (-0.23053 51.40898)
910GRCTRYRD,Rectory Road,2,London Overground,2015.0,,,POINT (-0.068444588745959 51.55863849679196)
910GRDNGSTN,Reading,X,Elizabeth line,2020.0,,,POINT (-0.972913789146386 51.45924089674594)
910GRDNGSTN,Reading,X,National Rail,,,,POINT (-0.972913789146386 51.45924089674594)
910GROMFORD,Romford,6,London Overground,2015.0,,,POINT (0.183417211353764 51.574910396793776)
910GROMFORD,Romford,6,Elizabeth line,2015.0,,2018.0,POINT (0.183417211353764 51.574910396793776)
910GROMFORD,Romford,6,Elizabeth line,2019.0,,,POINT (0.183417211353764 51.574910396793776)
910GROMFORD,Romford,6,National Rail,,,,POINT (0.183417211353764 51.574910396793776)
910GRTHERHI,Rotherhithe,2,London Overground,2010.0,2017.0,,POINT (-0.05212158876676 51.50102909675642)
910GRTHERHI,Rotherhithe,2,East London,,,2007.0,POINT (-0.05212158876676 51.50102909675642)
910GSACTON,South Acton,3,London Overground,2007.0,,,POINT (-0.270096588849068 51.4995730967604)
910GSBURY,Southbury,5,London Overground,2015.0,,,POINT (-0.052530888698232 51.64865679684671)
910GSEVNSIS,Seven Sisters,3,London Overground,2015.0,,,POINT (-0.07508 51.5832)
910GSEVNSIS,Seven Sisters,3,Crossrail 2,2030.0,,,POINT (-0.07508 51.5832)
910GSHADWEL,Shadwell,2,London Overground,2010.0,2017.0,,POINT (-0.05687 51.5113)
910GSHADWEL,Shadwell,2,East London,,,2007.0,POINT (-0.05687 51.5113)
910GSHENFLD,Shenfield,12,Elizabeth line,2015.0,,2018.0,POINT (0.330607211432899 51.63113999682131)
910GSHENFLD,Shenfield,12,Elizabeth line,2019.0,,,POINT (0.330607211432899 51.63113999682131)
910GSHENFLD,Shenfield,12,National Rail,,,,POINT (0.330607211432899 51.63113999682131)
910GSHEPRTN,Shepperton,X,National Rail,2030.0,,,POINT (-0.447120686136675 51.39689438503694)
910GSHEPRTN,Shepperton,X,Crossrail 2,2030.0,,,POINT (-0.447120686136675 51.39689438503694)
910GSHMPSTD,South Hampstead,2,London Overground,2007.0,,,POINT (-0.178824488795266 51.541341496784085)
910GSHRDHST,Shoreditch High Street,1,London Overground,2010.0,2017.0,,POINT (-0.076071088765243 51.52328889677059)
910GSIVRST,Silver Street,4,London Overground,2015.0,,,POINT (-0.067203988719379 51.61486059682638)
910GSLOUGH,Slough,X,Elizabeth line,2020.0,,,POINT (-0.592388088968309 51.51236729677377)
910GSLOUGH,Slough,X,National Rail,,,,POINT (-0.592388088968309 51.51236729677377)
910GSTFD,Stratford,2/3,London Overground,2007.0,,,POINT (-0.003910894500122 51.54236973531719)
910GSTFD,Stratford,2/3,Elizabeth line,2015.0,,2018.0,POINT (-0.003910894500122 51.54236973531719)
910GSTFD,Stratford,2/3,Elizabeth line,2019.0,,,POINT (-0.003910894500122 51.54236973531719)
910GSTFD,Stratford,2/3,National Rail,,,,POINT (-0.003910894500122 51.54236973531719)
910GSTFDLL,Stratford,2/3,DLR,2011.0,,,POINT (-0.002902212748366 51.54087294858993)
910GSTHALL,Southall,4,Elizabeth line,2018.0,,,POINT (-0.377434088887095 51.50619009676644)
910GSTHALL,Southall,4,National Rail,,,,POINT (-0.377434088887095 51.50619009676644)
910GSTJMSST,St James Street,3,London Overground,2015.0,,,POINT (-0.032809788722342 51.58098069680466)
910GSTKNWNG,Stoke Newington,2,London Overground,2015.0,,,POINT (-0.072714488744558 51.56506419679603)
910GSTLEIGH,Stoneleigh,5,National Rail,2030.0,,,POINT (-0.2485 51.36326)
910GSTLEIGH,Stoneleigh,5,Crossrail 2,2030.0,,,POINT (-0.2485 51.36326)
910GSTMFDHL,Stamford Hill,3,London Overground,2015.0,,,POINT (-0.076681388741677 51.57443769680185)
910GSTOTNHM,South Tottenham,3,London Overground,2007.0,,,POINT (-0.071680788736998 51.580505896805434)
910GSUNBURY,Sunbury,X,National Rail,2030.0,,,POINT (-0.41737 51.41828)
910GSUNBURY,Sunbury,X,Crossrail 2,2030.0,,,POINT (-0.41737 51.41828)
910GSURBITN,Surbiton,6,National Rail,2030.0,,,POINT (-0.30398 51.39242)
910GSURBITN,Surbiton,6,Crossrail 2,2030.0,,,POINT (-0.30398 51.39242)
910GSURREYQ,Surrey Quays,2,London Overground,2010.0,2017.0,,POINT (-0.047622488768717 51.493282996751596)
910GSURREYQ,Surrey Quays,2,East London,,,2007.0,POINT (-0.047622488768717 51.493282996751596)
910GSVNKNGS,Seven Kings,4,Elizabeth line,2015.0,,2018.0,POINT (0.097101111317342 51.563864796790206)
910GSVNKNGS,Seven Kings,4,Elizabeth line,2019.0,,,POINT (0.097101111317342 51.563864796790206)
910GSYDENHM,Sydenham,3,London Overground,2010.0,,,POINT (-0.054359189496939 51.42727754176605)
910GSYDENHM,Sydenham,3,National Rail,,,,POINT (-0.054359189496939 51.42727754176605)
910GTAPLOW,Taplow,X,Elizabeth line,2020.0,,,POINT (-0.68168298899893 51.523460996782035)
910GTAPLOW,Taplow,X,National Rail,,,,POINT (-0.68168298899893 51.523460996782035)
910GTDITTON,Thames Ditton,6,National Rail,2030.0,,,POINT (-0.33915 51.38906)
910GTDITTON,Thames Ditton,6,Crossrail 2,2030.0,,,POINT (-0.33915 51.38906)
910GTEDNGTN,Teddington,6,National Rail,2030.0,,,POINT (-0.33256 51.42446)
910GTEDNGTN,Teddington,6,Crossrail 2,2030.0,,,POINT (-0.33256 51.42446)
910GTHBLDSG,Theobalds Grove,7,London Overground,2015.0,,,POINT (-0.035651788671846 51.692003596872894)
910GTOLWTH,Tolworth,5,National Rail,2030.0,,,POINT (-0.27943 51.37688)
910GTOLWTH,Tolworth,5,Crossrail 2,2030.0,,,POINT (-0.27943 51.37688)
910GTOTCTRD,Tottenham Court Road,1,Elizabeth line,2022.0,,,POINT (-0.1315 51.5155)
910GTOTCTRD,Tottenham Court Road,1,Crossrail 2,2030.0,,,POINT (-0.1315 51.5155)
910GTURKYST,Turkey Street,6,London Overground,2015.0,,,POINT (-0.047226288685127 51.672663196861315)
910GTWYFORD,Twyford,X,Elizabeth line,2020.0,,,POINT (-0.863738989094349 51.47512109675445)
910GTWYFORD,Twyford,X,National Rail,,,,POINT (-0.863738989094349 51.47512109675445)
910GUHALIFD,Upper Halliford,X,National Rail,2030.0,,,POINT (-0.43079 51.41321)
910GUHALIFD,Upper Halliford,X,Crossrail 2,2030.0,,,POINT (-0.43079 51.41321)
910GUPRHLWY,Upper Holloway,2,London Overground,2007.0,,,POINT (-0.129485388766418 51.563625396796574)
910GWALHAMX,Waltham Cross,7,National Rail,2030.0,,,POINT (-0.02643 51.68522)
910GWALHAMX,Waltham Cross,7,Crossrail 2,2030.0,,,POINT (-0.02643 51.68522)
910GWAPPING,Wapping,2,London Overground,2010.0,2017.0,,POINT (-0.055899688766619 51.50432209675851)
910GWAPPING,Wapping,2,East London,,,2007.0,POINT (-0.055899688766619 51.50432209675851)
910GWATFDHS,Watford High Street,8,London Overground,2007.0,,,POINT (-0.392159372343546 51.65230546262061)
910GWATFDHS,Watford High Street,8,Metropolitan,9999.0,,,POINT (-0.392159372343546 51.65230546262061)
910GWATFJDC,Watford Junction,10,London Overground,2007.0,,,POINT (-0.395965788822582 51.663458596864245)
910GWATFJDC,Watford Junction,10,National Rail,,,,POINT (-0.395965788822582 51.663458596864245)
910GWATFJDC,Watford Junction,10,Metropolitan,9999.0,,,POINT (-0.395965788822582 51.663458596864245)
910GWCHAPEL,Whitechapel,2,London Overground,2010.0,,,POINT (-0.06128 51.5205)
910GWCHAPEL,Whitechapel,2,Elizabeth line,2022.0,,,POINT (-0.06128 51.5205)
910GWCROYDN,West Croydon,5,London Overground,2010.0,,,POINT (-0.1023 51.3784239)
910GWCROYDN,West Croydon,5,National Rail,,,,POINT (-0.1023 51.3784239)
910GWDGRNPK,Woodgrange Park,3/4,London Overground,2007.0,,,POINT (0.044549017253541 51.54918351032264)
910GWDRYTON,West Drayton,6,Elizabeth line,2020.0,,,POINT (-0.471897288922074 51.5098128967703)
910GWDRYTON,West Drayton,6,National Rail,,,,POINT (-0.471897288922074 51.5098128967703)
910GWDST,Wood Street,4,London Overground,2015.0,,,POINT (-0.002345788708442 51.58663199680723)
910GWEALING,West Ealing,3,Elizabeth line,2018.0,,,POINT (-0.320472588861861 51.51351309676991)
910GWEALING,West Ealing,3,National Rail,,,,POINT (-0.320472588861861 51.51351309676991)
910GWHHRTLA,White Hart Lane,3,London Overground,2015.0,,,POINT (-0.070949188725593 51.604479796820094)
910GWHMDSTD,West Hampstead,2,London Overground,2007.0,,,POINT (-0.19203 51.5473)
910GWLTWCEN,Walthamstow Central,3,London Overground,2015.0,,,POINT (-0.020010059897524 51.58293033276775)
910GWLTHQRD,Walthamstow Queens Road,3,London Overground,2007.0,,,POINT (-0.02369608871872 51.581513596804726)
910GWNDSWRD,Wandsworth Road,2,London Overground,2012.0,,,POINT (-0.138179469161229 51.46968303029571)
910GWNDSWRD,Wandsworth Road,2,National Rail,,,,POINT (-0.138179469161229 51.46968303029571)
910GWNSTDPK,Wanstead Park,3,London Overground,2007.0,,,POINT (0.026333811285793 51.55169999678506)
910GWOLWXR,Woolwich,4,Elizabeth line,2022.0,,,POINT (0.070810011273918 51.49178999674734)
910GWRCSTRP,Worcester Park,4,National Rail,2030.0,,,POINT (-0.24496 51.38139)
910GWRCSTRP,Worcester Park,4,Crossrail 2,2030.0,,,POINT (-0.24496 51.38139)
910GSTPX,St. Pancras International,1,Thameslink 6tph line,2035.0,,,POINT (-0.12719 51.53248)
910GSTPX,St. Pancras International,1,National Rail,,,,POINT (-0.12719 51.53248)
910GSAC,St.Albans City,?,Thameslink 6tph line,2035.0,,,POINT (-0.32752 51.75042)
910GSAC,St.Albans City,?,National Rail,,,,POINT (-0.32752 51.75042)
910GEPH,Elephant & Castle,1/2,Thameslink 6tph line,2035.0,,,POINT (-0.09871 51.49397)
910GEPH,Elephant & Castle,1/2,National Rail,,,,POINT (-0.09871 51.49397)
910GECR,East Croydon,5,Thameslink 6tph line,2035.0,,,POINT (-0.09276 51.3754)
910GECR,East Croydon,5,National Rail,,,,POINT (-0.09276 51.3754)
910GCTK,City Thameslink,1,Thameslink 6tph line,2035.0,,,POINT (-0.10357 51.51388)
910GCTK,City Thameslink,1,National Rail,,,,POINT (-0.10357 51.51388)
910GLBG,London Bridge,1,Thameslink 6tph line,2035.0,,,POINT (-0.08532 51.50496)
910GLBG,London Bridge,1,National Rail,,,,POINT (-0.08532 51.50496)
910GFPK,Finsbury Park,2/3,Thameslink 6tph line,2035.0,,,POINT (-0.10626 51.56425)
910GFPK,Finsbury Park,2/3,National Rail,,,,POINT (-0.10626 51.56425)
910GSVG,Stevenage,?,Thameslink 6tph line,2035.0,,,POINT (-0.20709 51.90164)
910GSVG,Stevenage,?,National Rail,,,,POINT (-0.20709 51.90164)
910GGTW,Gatwick Airport,?,Thameslink 6tph line,2035.0,,,POINT (-0.16102 51.15643)
910GGTW,Gatwick Airport,?,National Rail,,,,POINT (-0.16102 51.15643)
910GBFR,Blackfriars (Rail),1,Thameslink 6tph line,2035.0,,,POINT (-0.10331 51.51175)
910GBFR,Blackfriars (Rail),1,National Rail,,,,POINT (-0.10331 51.51175)
910GTBD,Three Bridges,?,Thameslink 6tph line,2035.0,,,POINT (-0.16117 51.11686)
910GTBD,Three Bridges,?,National Rail,,,,POINT (-0.16117 51.11686)
910GKTN,Kentish Town,2,Thameslink 6tph line,2035.0,,,POINT (-0.139 51.5501)
910GKTN,Kentish Town,2,National Rail,,,,POINT (-0.139 51.5501)
910GWHP,West Hampstead Thameslink,2,Thameslink 6tph line,2035.0,,,POINT (-0.19182 51.54842)
910GWHP,West Hampstead Thameslink,2,National Rail,,,,POINT (-0.19182 51.54842)
910GLUT,Luton,?,Thameslink 6tph line,2035.0,,,POINT (-0.41402 51.88226)
910GLUT,Luton,?,National Rail,,,,POINT (-0.41402 51.88226)
910GLTN,Luton Airport Parkway,?,Thameslink 6tph line,2035.0,,,POINT (-0.39586 51.87239)
910GLTN,Luton Airport Parkway,?,National Rail,,,,POINT (-0.39586 51.87239)
910GPUR,Purley,?,Thameslink 6tph line,2035.0,,,POINT (-0.11402 51.33752)
910GPUR,Purley,?,National Rail,,,,POINT (-0.11402 51.33752)
910GCDS,Coulsdon South,?,Thameslink 6tph line,2035.0,,,POINT (-0.13787 51.31578)
910GCDS,Coulsdon South,?,National Rail,,,,POINT (-0.13787 51.31578)
910GMHM,Merstham,?,Thameslink 6tph line,2035.0,,,POINT (-0.15021 51.26409)
910GMHM,Merstham,?,National Rail,,,,POINT (-0.15021 51.26409)
910GRDH,Redhill,?,Thameslink 6tph line,2035.0,,,POINT (-0.16588 51.24014)
910GRDH,Redhill,?,National Rail,,,,POINT (-0.16588 51.24014)
910GELD,Earlswood (Surrey),?,Thameslink 6tph line,2035.0,,,POINT (-0.17081 51.22727)
910GELD,Earlswood (Surrey),?,National Rail,,,,POINT (-0.17081 51.22727)
910GSAF,Salfords,?,Thameslink 6tph line,2035.0,,,POINT (-0.16247 51.20169)
910GSAF,Salfords,?,National Rail,,,,POINT (-0.16247 51.20169)
910GHOR,Horley,?,Thameslink 6tph line,2035.0,,,POINT (-0.16104 51.16871)
910GHOR,Horley,?,National Rail,,,,POINT (-0.16104 51.16871)
910GHPD,Harpenden,?,Thameslink 6tph line,2035.0,,,POINT (-0.35146 51.8146)
910GHPD,Harpenden,?,National Rail,,,,POINT (-0.35146 51.8146)
910G950,Canary Wharf,2,Elizabeth line,2022.0,,,POINT (-0.017465870885524 51.50628412783459)
910G981,King's Road Chelsea,1,Crossrail 2,2030.0,,,POINT (-0.16701 51.48835)
910GBKRVS,Barking Riverside,4,London Overground,2022.0,,,POINT (0.11599 51.51955)
